constituency,S,District,Group,candidate,party,Alliance,votes,rank,name,location,slr
Gummidipoondi,N,Thiruvallur,1,Geetha,DMDK,PWF+,69175,1,Geetha,,
Gummidipoondi,N,Thiruvallur,1,Selvaraj.M,PMK,PMK+,38780,2,Selvaraj.M,,
Gummidipoondi,N,Thiruvallur,1,Vijaya Kumar.K.S,ADMK,ADMK+,26303,3,Vijaya Kumar.K.S,,
Gummidipoondi,N,Thiruvallur,1,Sekar,MDMDK,DMK+,23461,4,Sekar,,
Gummidipoondi,N,Thiruvallur,1,Baskar .M.,BJP,BJP+,11156,5,Baskar .M.,,
Gummidipoondi,N,Thiruvallur,1,Suresh.S,NTK,NTK+,10259,6,Suresh.S,,
Ponneri,N,Thiruvallur,1,Pandiyan.T.A,PMK,PMK+,58471,1,Pandiyan.T.A,,
Ponneri,N,Thiruvallur,1,Siru Maniyam Bala Raman.B,ADMK,ADMK+,49425,2,Siru Maniyam Bala Raman.B,,
Ponneri,N,Thiruvallur,1,Parimalam,DMK,DMK+,47493,3,Parimalam,,
Ponneri,N,Thiruvallur,1,Vinod Babu.S,NTK,NTK+,46697,4,Vinod Babu.S,,
Ponneri,N,Thiruvallur,1,Meejore Senthil,VC,PWF+,26918,5,Meejore Senthil,,
Tiruttani,N,Thiruvallur,1,Narassiman.B.M,ADMK,ADMK+,62812,1,Narassiman.B.M,,
Tiruttani,N,Thiruvallur,1,Prabhu,NTK,NTK+,53037,2,Prabhu,,
Tiruttani,N,Thiruvallur,1,Krishna Moorthy,DMDK,PWF+,37804,3,Krishna Moorthy,,
Tiruttani,N,Thiruvallur,1,Chakkaravarthy.M,BJP,BJP+,23766,4,Chakkaravarthy.M,,
Tiruttani,N,Thiruvallur,1,Chidambaram,INC,DMK+,4242,5,Chidambaram,,
Thiruvallur,N,Thiruvallur,1,Bala Yogi.V,PMK,PMK+,68104,1,Bala Yogi.V,,
Thiruvallur,N,Thiruvallur,1,Senthil Kumar.K,NTK,NTK+,61988,2,Senthil Kumar.K,,
Thiruvallur,N,Thiruvallur,1,Janaki Raman.,BJP,BJP+,32910,3,Janaki Raman.,,
Thiruvallur,N,Thiruvallur,1,Rajendran,DMK,DMK+,25570,4,Rajendran,,
Thiruvallur,N,Thiruvallur,1,Baskaran.A,ADMK,ADMK+,20191,5,Baskaran.A,,
Poonamallee,S,Thiruvallur,1,Partha Sarathy.C,PMK,PMK+,68830,1,Partha Sarathy.C,,
Poonamallee,S,Thiruvallur,1,Elumalai.T.A,ADMK,ADMK+,64755,2,Elumalai.T.A,,
Poonamallee,S,Thiruvallur,1,Paranthaman,DMK,DMK+,60979,3,Paranthaman,,
Poonamallee,S,Thiruvallur,1,Kandan,MDMK,PWF+,53646,4,Kandan,,
Poonamallee,S,Thiruvallur,1,Ponnarasu.K,NTK,NTK+,15707,5,Ponnarasu.K,,
Poonamallee,S,Thiruvallur,1,Amarnath,BJP,BJP+,2300,6,Amarnath,,
Avadi,N,Thiruvallur,1,Nazar,DMK,DMK+,65855,1,Nazar,,
Avadi,N,Thiruvallur,1,Nalla Thambi.C,NTK,NTK+,31671,2,Nalla Thambi.C,,
Avadi,N,Thiruvallur,1,Pandiya Rajan.M.P.K,ADMK,ADMK+,31332,3,Pandiya Rajan.M.P.K,,
Avadi,N,Thiruvallur,1,Andhiridas,MDMK,PWF+,22851,4,Andhiridas,,
Avadi,N,Thiruvallur,1,Anantha Krishnan.N,PMK,PMK+,18365,5,Anantha Krishnan.N,,
Maduravoyal,N,Thiruvallur,1,Benjamin.P,ADMK,ADMK+,69380,1,Benjamin.P,,
Maduravoyal,N,Thiruvallur,1,Seenivasan.G,PMK,PMK+,63718,2,Seenivasan.G,,
Maduravoyal,N,Thiruvallur,1,Vasu.M,NTK,NTK+,56699,3,Vasu.M,,
Maduravoyal,N,Thiruvallur,1,Rajesh,INC,DMK+,17645,4,Rajesh,,
Maduravoyal,N,Thiruvallur,1,Aanantha Priya,IJK,BJP+,14881,5,Aanantha Priya,,
Maduravoyal,N,Thiruvallur,1,Beemarao.K,CPI,PWF+,10314,6,Beemarao.K,,
Ambattur,N,Thiruvallur,1,Anbu Thennarasu,NTK,NTK+,64747,1,Anbu Thennarasu,,
Ambattur,N,Thiruvallur,1,Devaraj,IMKMK,BJP+,54472,2,Devaraj,,
Ambattur,N,Thiruvallur,1,Hasan Moulana,INC,DMK+,53549,3,Hasan Moulana,,
Ambattur,N,Thiruvallur,1,Sekar.K.N,PMK,PMK+,30390,4,Sekar.K.N,,
Ambattur,N,Thiruvallur,1,Alexander.V,ADMK,ADMK+,25214,5,Alexander.V,,
Ambattur,N,Thiruvallur,1,Kanstantain,DMDK,PWF+,632,6,Kanstantain,,
Madavaram,N,Thiruvallur,1,Dhakshina Moorthy.D,ADMK,ADMK+,63942,1,Dhakshina Moorthy.D,,
Madavaram,N,Thiruvallur,1,Elumalai.R,NTK,NTK+,61191,2,Elumalai.R,,
Madavaram,N,Thiruvallur,1,Sudharsanam,DMK,DMK+,46264,3,Sudharsanam,,
Madavaram,N,Thiruvallur,1,Janaki Raman.RMR.,BJP,BJP+,14152,4,Janaki Raman.RMR.,,
Madavaram,N,Thiruvallur,1,Kannan.A.S,CPM,PWF+,5145,5,Kannan.A.S,,
Madavaram,N,Thiruvallur,1,Ravi Raj.K,PMK,PMK+,1054,6,Ravi Raj.K,,
Thiruvottiyur,N,Thiruvallur,1,Vasantha Kumari.T,PMK,PMK+,61124,1,Vasantha Kumari.T,,
Thiruvottiyur,N,Thiruvallur,1,Samy.K.P.P,DMK,DMK+,27816,2,Samy.K.P.P,,
Thiruvottiyur,N,Thiruvallur,1,Gokula Krishnan.R,NTK,NTK+,27457,3,Gokula Krishnan.R,,
Thiruvottiyur,N,Thiruvallur,1,Sivakumar.M,BJP,BJP+,22105,4,Sivakumar.M,,
Thiruvottiyur,N,Thiruvallur,1,Bal Raj.P,ADMK,ADMK+,4135,5,Bal Raj.P,,
Shozhinganallur,N,Kancheepuram,3,Seetha Lakshmi,IMKMK,BJP+,64244,1,Seetha Lakshmi,,
Shozhinganallur,N,Kancheepuram,3,Rajan.C,NTK,NTK+,62639,2,Rajan.C,,
Shozhinganallur,N,Kancheepuram,3,Aravindha Swamy,DMK,DMK+,56986,3,Aravindha Swamy,,
Shozhinganallur,N,Kancheepuram,3,Ram Kumar.K,PMK,PMK+,40939,4,Ram Kumar.K,,
Shozhinganallur,N,Kancheepuram,3,Leo N.Sundaram,ADMK,ADMK+,32902,5,Leo N.Sundaram,,
Shozhinganallur,N,Kancheepuram,3,Paneer Das.Era,VC,PWF+,29245,6,Paneer Das.Era,,
Alandur,N,Kancheepuram,3,Chandran,DMDK,PWF+,59984,1,Chandran,,
Alandur,N,Kancheepuram,3,Pandrutty S.Ramachandran,ADMK,ADMK+,44189,2,Pandrutty S.Ramachandran,,
Alandur,N,Kancheepuram,3,Dhananjayan.R,NTK,NTK+,24158,3,Dhananjayan.R,,
Alandur,N,Kancheepuram,3,Dhamo Anbarasan,DMK,DMK+,23648,4,Dhamo Anbarasan,,
Alandur,N,Kancheepuram,3,Sathya Narayanan.D.R,BJP,BJP+,12970,5,Sathya Narayanan.D.R,,
Alandur,N,Kancheepuram,3,Srinivasan.R,PMK,PMK+,11882,6,Srinivasan.R,,
Sriperumbudur,S,Kancheepuram,3,Muthu Raman.C,PMK,PMK+,14089,1,Muthu Raman.C,,
Sriperumbudur,S,Kancheepuram,3,Veera Kumar,VC,PWF+,10990,2,Veera Kumar,,
Sriperumbudur,S,Kancheepuram,3,Manoharan,BJP,BJP+,9008,3,Manoharan,,
Sriperumbudur,S,Kancheepuram,3,Palani.K,ADMK,ADMK+,8557,4,Palani.K,,
Sriperumbudur,S,Kancheepuram,3,Sivaranjani.P,NTK,NTK+,2312,5,Sivaranjani.P,,
Pallavaram,N,Kancheepuram,3,Venkateshan.R,PMK,PMK+,66648,1,Venkateshan.R,,
Pallavaram,N,Kancheepuram,3,Karunanithi.E,DMK,DMK+,60226,2,Karunanithi.E,,
Pallavaram,N,Kancheepuram,3,Veera Lakshmi,MDMK,PWF+,48010,3,Veera Lakshmi,,
Pallavaram,N,Kancheepuram,3,Dr.Gopi Ayya Swamy,BJP,BJP+,47144,4,Dr.Gopi Ayya Swamy,,
Pallavaram,N,Kancheepuram,3,Seenivasa Kumar,NTK,NTK+,25208,5,Seenivasa Kumar,,
Pallavaram,N,Kancheepuram,3,Saraswathi.C.R,ADMK,ADMK+,2301,6,Saraswathi.C.R,,
Tambaram,N,Kancheepuram,3,Chezhian,DMDK,PWF+,64113,1,Chezhian,,
Tambaram,N,Kancheepuram,3,Vetha Subramanaian,BJP,BJP+,56489,2,Vetha Subramanaian,,
Tambaram,N,Kancheepuram,3,Suresh.R,PMK,PMK+,54252,3,Suresh.R,,
Tambaram,N,Kancheepuram,3,Chitla Pakkam S.Rajendran,ADMK,ADMK+,41564,4,Chitla Pakkam S.Rajendran,,
Tambaram,N,Kancheepuram,3,Raja.S.R,DMK,DMK+,20335,5,Raja.S.R,,
Chengalpattu,N,Kancheepuram,3,Muthamizh Selvan,IJK,BJP+,63222,1,Muthamizh Selvan,,
Chengalpattu,N,Kancheepuram,3,Murugeshan,DMDK,PWF+,54314,2,Murugeshan,,
Chengalpattu,N,Kancheepuram,3,Sanjeevi Nathan,NTK,NTK+,39655,3,Sanjeevi Nathan,,
Chengalpattu,N,Kancheepuram,3,Vara Lakshmi Mathu Suthanan,DMK,DMK+,23416,4,Vara Lakshmi Mathu Suthanan,,
Chengalpattu,N,Kancheepuram,3,Kamala Kannan.R,ADMK,ADMK+,7923,5,Kamala Kannan.R,,
Thiruporur,N,Kancheepuram,3,Viswanathan,DMK,DMK+,69467,1,Viswanathan,,
Thiruporur,N,Kancheepuram,3,Ellalan Yusuff,NTK,NTK+,60670,2,Ellalan Yusuff,,
Thiruporur,N,Kancheepuram,3,Vasu.P.V.K,PMK,PMK+,55783,3,Vasu.P.V.K,,
Thiruporur,N,Kancheepuram,3,Kothanda Pani.M,ADMK,ADMK+,24687,4,Kothanda Pani.M,,
Thiruporur,N,Kancheepuram,3,Mallai Sathya,MDMK,PWF+,12235,5,Mallai Sathya,,
Cheyyur,S,Kancheepuram,3,Sambath Raj.P,BJP,BJP+,50095,1,Sambath Raj.P,,
Cheyyur,S,Kancheepuram,3,Ezhil Caroline,VC,PWF+,45864,2,Ezhil Caroline,,
Cheyyur,S,Kancheepuram,3,Sadaiyappan,PMK,PMK+,26828,3,Sadaiyappan,,
Cheyyur,S,Kancheepuram,3,Arasu,DMK,DMK+,23675,4,Arasu,,
Cheyyur,S,Kancheepuram,3,Munu Swamy.A,ADMK,ADMK+,3956,5,Munu Swamy.A,,
Cheyyur,S,Kancheepuram,3,Dhasarathan.A,NTK,NTK+,552,6,Dhasarathan.A,,
Maduranthakam,S,Kancheepuram,3,Puhalendhi,DMK,DMK+,56251,1,Puhalendhi,,
Maduranthakam,S,Kancheepuram,3,Tamil Arasan.C.K,RPI,ADMK+,38496,2,Tamil Arasan.C.K,,
Maduranthakam,S,Kancheepuram,3,Aathi Kesavan.A,PMK,PMK+,35953,3,Aathi Kesavan.A,,
Maduranthakam,S,Kancheepuram,3,Thennarasu,DMDK,PWF+,11450,4,Thennarasu,,
Maduranthakam,S,Kancheepuram,3,Vetri Selvam,NTK,NTK+,7038,5,Vetri Selvam,,
Kancheepuram,N,Kancheepuram,3,Maithili Thirunavukkarasu,ADMK,ADMK+,56304,1,Maithili Thirunavukkarasu,,
Kancheepuram,N,Kancheepuram,3,Usha,NTK,NTK+,41152,2,Usha,,
Kancheepuram,N,Kancheepuram,3,Mahesh Kumar.P,PMK,PMK+,26271,3,Mahesh Kumar.P,,
Kancheepuram,N,Kancheepuram,3,Vasan,BJP,BJP+,23551,4,Vasan,,
Kancheepuram,N,Kancheepuram,3,Ezhilarasan,DMK,DMK+,23404,5,Ezhilarasan,,
Arakkonam,S,Vellore,3,Ilan Cheghuvara,VC,PWF+,60319,1,Ilan Cheghuvara,,
Arakkonam,S,Vellore,3,Ravi,ADMK,ADMK+,38711,2,Ravi,,
Arakkonam,S,Vellore,3,Vijayan.C,BJP,BJP+,32077,3,Vijayan.C,,
Arakkonam,S,Vellore,3,Arputham.R,PMK,PMK+,23544,4,Arputham.R,,
Arakkonam,S,Vellore,3,Raj Kumar.N,DMK,DMK+,16589,5,Raj Kumar.N,,
Arakkonam,S,Vellore,3,Saravanan.M,NTK,NTK+,12799,6,Saravanan.M,,
Sholingur,N,Vellore,3,Senthil Kumar,NTK,NTK+,62470,1,Senthil Kumar,,
Sholingur,N,Vellore,3,Manoharan,DMDK,PWF+,41758,2,Manoharan,,
Sholingur,N,Vellore,3,Parthiban.N.G,ADMK,ADMK+,32925,3,Parthiban.N.G,,
Sholingur,N,Vellore,3,Muni Rathnam,INC,DMK+,28507,4,Muni Rathnam,,
Sholingur,N,Vellore,3,Saravanan.K,PMK,PMK+,24506,5,Saravanan.K,,
Sholingur,N,Vellore,3,Gokul,IMKMK,BJP+,6595,6,Gokul,,
Katpadi,N,Vellore,3,Appu.S.R.K,ADMK,ADMK+,63578,1,Appu.S.R.K,,
Katpadi,N,Vellore,3,Sivanantham.T.V,TMC,PWF+,56878,2,Sivanantham.T.V,,
Katpadi,N,Vellore,3,Puviyarasan.L.,NTK,NTK+,7300,3,Puviyarasan.L.,,
Ranipet,N,Vellore,3,Navash Khan,NTK,NTK+,67396,1,Navash Khan,,
Ranipet,N,Vellore,3,Nithyanantham,DMDK,PWF+,40018,2,Nithyanantham,,
Ranipet,N,Vellore,3,Murali.K.K,PMK,PMK+,33342,3,Murali.K.K,,
Ranipet,N,Vellore,3,Sumai Thanghi S. Elumalai,ADMK,ADMK+,32576,4,Sumai Thanghi S. Elumalai,,
Arcot,N,Vellore,3,Karikalan.K,PMK,PMK+,62704,1,Karikalan.K,,
Arcot,N,Vellore,3,Ram Das.K.V,ADMK,ADMK+,51802,2,Ram Das.K.V,,
Arcot,N,Vellore,3,Easwarappan,DMK,DMK+,30756,3,Easwarappan,,
Arcot,N,Vellore,3,Arul Raman,IMKMK,BJP+,23660,4,Arul Raman,,
Arcot,N,Vellore,3,Udhaya Kumar,MDMK,PWF+,9919,5,Udhaya Kumar,,
Vellore,N,Vellore,3,Karthikeyan,DMK,DMK+,55415,1,Karthikeyan,,
Vellore,N,Vellore,3,Abdhul Rahman,VC,PWF+,41018,2,Abdhul Rahman,,
Vellore,N,Vellore,3,Elangovan.S,BJP,BJP+,11507,3,Elangovan.S,,
Vellore,N,Vellore,3,Durai Lakshmi Narayanan,PMK,PMK+,7191,4,Durai Lakshmi Narayanan,,
Vellore,N,Vellore,3,Haroon Rasheeth,MJK,ADMK+,4955,5,Haroon Rasheeth,,
Anaicut,N,Vellore,3,Nantha Kumar,DMK,DMK+,30929,1,Nantha Kumar,,
Anaicut,N,Vellore,3,Palani.P.S,TMC,PWF+,27651,2,Palani.P.S,,
Anaicut,N,Vellore,3,Vijaya Kumar,IMKMK,BJP+,24999,3,Vijaya Kumar,,
Anaicut,N,Vellore,3,Kalai Arasu.M,ADMK,ADMK+,19505,4,Kalai Arasu.M,,
Anaicut,N,Vellore,3,Sivaraj @ Siva,NTK,NTK+,5159,5,Sivaraj @ Siva,,
Gudiyattam,S,Vellore,3,Jeyanthi Padmanabhan.C,ADMK,ADMK+,65747,1,Jeyanthi Padmanabhan.C,,
Gudiyattam,S,Vellore,3,Vel @ Raj Kumar,NTK,NTK+,25786,2,Vel @ Raj Kumar,,
Gudiyattam,S,Vellore,3,Dheeba.P,PMK,PMK+,24439,3,Dheeba.P,,
Gudiyattam,S,Vellore,3,Raja Marthandan,DMK,DMK+,12612,4,Raja Marthandan,,
Vaniyambadi,N,Vellore,3,Kirubakaran.R,PMK,PMK+,60488,1,Kirubakaran.R,,
Vaniyambadi,N,Vellore,3,Kalliloor Rahman,NTK,NTK+,58554,2,Kalliloor Rahman,,
Vaniyambadi,N,Vellore,3,Venkateshan.G,BJP,BJP+,49584,3,Venkateshan.G,,
Vaniyambadi,N,Vellore,3,Syed Farook,IUML,DMK+,34381,4,Syed Farook,,
Vaniyambadi,N,Vellore,3,Dr. Nilofer Kabeel,ADMK,ADMK+,22046,5,Dr. Nilofer Kabeel,,
Vaniyambadi,N,Vellore,3,Gnana Sekaran.C,TMC,PWF+,18269,6,Gnana Sekaran.C,,
Ambur,N,Vellore,3,Venkateshan.KO,BJP,BJP+,66852,1,Venkateshan.KO,,
Ambur,N,Vellore,3,Ameen Batcha.M,PMK,PMK+,44387,2,Ameen Batcha.M,,
Ambur,N,Vellore,3,Vasu,DMDK,PWF+,42499,3,Vasu,,
Ambur,N,Vellore,3,Kalai Kamaraj,NTK,NTK+,35471,4,Kalai Kamaraj,,
Ambur,N,Vellore,3,Bala Subramani.R,ADMK,ADMK+,30997,5,Bala Subramani.R,,
Ambur,N,Vellore,3,Nazeer Ahmed,MMK,DMK+,15978,6,Nazeer Ahmed,,
Jolarpet,N,Vellore,3,Kavitha Dhandapani,DMK,DMK+,69869,1,Kavitha Dhandapani,,
Jolarpet,N,Vellore,3,Then Mozhi,NTK,NTK+,65523,2,Then Mozhi,,
Jolarpet,N,Vellore,3,Byas Batcha,DMDK,PWF+,49652,3,Byas Batcha,,
Jolarpet,N,Vellore,3,Oviyar Ranjan,IMKMK,BJP+,47953,4,Oviyar Ranjan,,
Jolarpet,N,Vellore,3,Ponnu Swamy.K,PMK,PMK+,19560,5,Ponnu Swamy.K,,
Jolarpet,N,Vellore,3,Veera Mani.K.C,ADMK,ADMK+,8826,6,Veera Mani.K.C,,
Tiruppattur,N,Vellore,3,Govindha Rajan,BJP,BJP+,52109,1,Govindha Rajan,,
Tiruppattur,N,Vellore,3,Kumar.T.T,ADMK,ADMK+,37867,2,Kumar.T.T,,
Tiruppattur,N,Vellore,3,Gunasekaran,NTK,NTK+,32834,3,Gunasekaran,,
Tiruppattur,N,Vellore,3,Nalla Thambi,DMK,DMK+,30490,4,Nalla Thambi,,
Tiruppattur,N,Vellore,3,Hari Krishnan,DMDK,PWF+,25137,5,Hari Krishnan,,
Tiruppattur,N,Vellore,3,Raja.T.K,PMK,PMK+,22548,6,Raja.T.K,,
Pennagaram,N,Dharmapuri,3,Innbarasan,DMK,DMK+,59803,1,Innbarasan,,
Pennagaram,N,Dharmapuri,3,Anbu Mani Rama Das,PMK,PMK+,59555,2,Anbu Mani Rama Das,,
Pennagaram,N,Dharmapuri,3,N.Nanjappan,CPM,PWF+,50465,3,N.Nanjappan,,
Pennagaram,N,Dharmapuri,3,Kanda Swamy.K.P,BJP,BJP+,31885,4,Kanda Swamy.K.P,,
Pennagaram,N,Dharmapuri,3,Munu Swamy.K.P,ADMK,ADMK+,26978,5,Munu Swamy.K.P,,
Pennagaram,N,Dharmapuri,3,Siva Kumar.,NTK,NTK+,13096,6,Siva Kumar.,,
Dharmapuri,N,Dharmapuri,3,Dr.Senthil.R,PMK,PMK+,33190,1,Dr.Senthil.R,,
Dharmapuri,N,Dharmapuri,3,Dr.Elangovan,DMDK,PWF+,25789,2,Dr.Elangovan,,
Dharmapuri,N,Dharmapuri,3,Rukku Mani Devi.R,NTK,NTK+,24647,3,Rukku Mani Devi.R,,
Dharmapuri,N,Dharmapuri,3,Subramanian,DMK,DMK+,5944,4,Subramanian,,
Dharmapuri,N,Dharmapuri,3,Elangovan.P.T,ADMK,ADMK+,1931,5,Elangovan.P.T,,
Pappireddippatti,N,Dharmapuri,3,Palaniappan,ADMK,ADMK+,58211,1,Palaniappan,,
Pappireddippatti,N,Dharmapuri,3,Sundara Moorthy,IJK,BJP+,39571,2,Sundara Moorthy,,
Pappireddippatti,N,Dharmapuri,3,Mooventhan,NTK,NTK+,38527,3,Mooventhan,,
Pappireddippatti,N,Dharmapuri,3,Sathya Moorthy.A,PMK,PMK+,36628,4,Sathya Moorthy.A,,
Pappireddippatti,N,Dharmapuri,3,Prabhu Rajasekar,DMK,DMK+,35492,5,Prabhu Rajasekar,,
Pappireddippatti,N,Dharmapuri,3,Basker,DMDK,PWF+,14733,6,Basker,,
Kilpennathur,N,Tiruvannamalai,3,Pitchandi,DMK,DMK+,61680,1,Pitchandi,,
Kilpennathur,N,Tiruvannamalai,3,Ethiroli Manian.K,PMK,PMK+,58461,2,Ethiroli Manian.K,,
Kilpennathur,N,Tiruvannamalai,3,Ramesh Babu.R,NTK,NTK+,50684,3,Ramesh Babu.R,,
Kilpennathur,N,Tiruvannamalai,3,Selva Mani.K,ADMK,ADMK+,32015,4,Selva Mani.K,,
Kilpennathur,N,Tiruvannamalai,3,Jothi.K,CPM,PWF+,27588,5,Jothi.K,,
Kilpennathur,N,Tiruvannamalai,3,Subhu Rayan,IMKMK,BJP+,10389,6,Subhu Rayan,,
Kalasapakkam,N,Tiruvannamalai,3,Kali Das.R,PMK,PMK+,69627,1,Kali Das.R,,
Kalasapakkam,N,Tiruvannamalai,3,Nehru,DMDK,PWF+,43588,2,Nehru,,
Kalasapakkam,N,Tiruvannamalai,3,Balaji,NTK,NTK+,15514,3,Balaji,,
Kalasapakkam,N,Tiruvannamalai,3,Paneer Selvam,ADMK,ADMK+,8238,4,Paneer Selvam,,
Arani,N,Tiruvannamalai,3,Babu.S,DMK,DMK+,69015,1,Babu.S,,
Arani,N,Tiruvannamalai,3,Gopi.P,BJP,BJP+,61921,2,Gopi.P,,
Arani,N,Tiruvannamalai,3,Chevur S.Ramachandran,ADMK,ADMK+,44397,3,Chevur S.Ramachandran,,
Arani,N,Tiruvannamalai,3,Rajasekar.S,PMK,PMK+,43791,4,Rajasekar.S,,
Arani,N,Tiruvannamalai,3,Mohan Raj,NTK,NTK+,39123,5,Mohan Raj,,
Cheyyar,N,Tiruvannamalai,3,Vishnu Prasath,INC,DMK+,69427,1,Vishnu Prasath,,
Cheyyar,N,Tiruvannamalai,3,Baskaran.B,BJP,BJP+,63980,2,Baskaran.B,,
Cheyyar,N,Tiruvannamalai,3,Thulasi K.Mohan,ADMK,ADMK+,63372,3,Thulasi K.Mohan,,
Cheyyar,N,Tiruvannamalai,3,Seenivasan.S,PMK,PMK+,33196,4,Seenivasan.S,,
Cheyyar,N,Tiruvannamalai,3,Rajesh,NTK,NTK+,32294,5,Rajesh,,
Cheyyar,N,Tiruvannamalai,3,Saravanan,DMDK,PWF+,30035,6,Saravanan,,
Uthiramerur,N,Kancheepuram,3,Rajendran,DMDK,PWF+,69254,1,Rajendran,,
Uthiramerur,N,Kancheepuram,3,Purushothaman,IMKMK,BJP+,40821,2,Purushothaman,,
Uthiramerur,N,Kancheepuram,3,Susai Raj,NTK,NTK+,32113,3,Susai Raj,,
Uthiramerur,N,Kancheepuram,3,Sundar,DMK,DMK+,12756,4,Sundar,,
Kilvaithinankuppam,S,Vellore,3,Devi Ammal,DMDK,PWF+,63796,1,Devi Ammal,,
Kilvaithinankuppam,S,Vellore,3,Vimala Rama Chandran,BJP,BJP+,63097,2,Vimala Rama Chandran,,
Kilvaithinankuppam,S,Vellore,3,Archana.Nila,NTK,NTK+,58474,3,Archana.Nila,,
Kilvaithinankuppam,S,Vellore,3,Amalu,DMK,DMK+,15873,4,Amalu,,
Kilvaithinankuppam,S,Vellore,3,Kusala Kumari.C,PMK,PMK+,9825,5,Kusala Kumari.C,,
Harur,S,Dharmapuri,3,Murali.S,PMK,PMK+,59511,1,Murali.S,,
Harur,S,Dharmapuri,3,Rajendran,DMK,DMK+,53352,2,Rajendran,,
Harur,S,Dharmapuri,3,Vediappan,BJP,BJP+,50751,3,Vediappan,,
Harur,S,Dharmapuri,3,Kovendhan,VC,PWF+,37964,4,Kovendhan,,
Harur,S,Dharmapuri,3,Ramesh,NTK,NTK+,11285,5,Ramesh,,
Chengam,S,Tiruvannamalai,3,Ujkakar Singh,IMKMK,BJP+,67972,1,Ujkakar Singh,,
Chengam,S,Tiruvannamalai,3,Kalai Arasi,DMDK,PWF+,62796,2,Kalai Arasi,,
Chengam,S,Tiruvannamalai,3,Giri,DMK,DMK+,61778,3,Giri,,
Chengam,S,Tiruvannamalai,3,Venilla,NTK,NTK+,58886,4,Venilla,,
Tiruvannamalai,N,Tiruvannamalai,3,Velu.A.Va,DMK,DMK+,60476,1,Velu.A.Va,,
Tiruvannamalai,N,Tiruvannamalai,3,Venkatajalapathi,IMKMK,BJP+,36504,2,Venkatajalapathi,,
Tiruvannamalai,N,Tiruvannamalai,3,Pandiyan.Ela.,PMK,PMK+,21746,3,Pandiyan.Ela.,,
Tiruvannamalai,N,Tiruvannamalai,3,Kamala Kannan,NTK,NTK+,12009,4,Kamala Kannan,,
Polur,N,Tiruvannamalai,3,Kanthan,NTK,NTK+,65978,1,Kanthan,,
Polur,N,Tiruvannamalai,3,Sekaran,DMK,DMK+,61842,2,Sekaran,,
Polur,N,Tiruvannamalai,3,Velayutham.A,PMK,PMK+,46545,3,Velayutham.A,,
Polur,N,Tiruvannamalai,3,Selvan.P,CPI,PWF+,34070,4,Selvan.P,,
Polur,N,Tiruvannamalai,3,Tamilarasi Devadhas,BJP,BJP+,10966,5,Tamilarasi Devadhas,,
Vandavasi,S,Tiruvannamalai,3,Vadivel Ravanan,PMK,PMK+,66814,1,Vadivel Ravanan,,
Vandavasi,S,Tiruvannamalai,3,Ambethkumar,DMK,DMK+,57579,2,Ambethkumar,,
Vandavasi,S,Tiruvannamalai,3,Sudha,IJK,BJP+,17744,3,Sudha,,
Vandavasi,S,Tiruvannamalai,3,Metha Ramesh,VC,PWF+,9089,4,Metha Ramesh,,
Palacodu,N,Dharmapuri,3,Venkatesan,NTK,NTK+,63244,1,Venkatesan,,
Palacodu,N,Dharmapuri,3,Mannan,PMK,PMK+,49259,2,Mannan,,
Palacodu,N,Dharmapuri,3,Najjappan,IJK,BJP+,35672,3,Najjappan,,
Palacodu,N,Dharmapuri,3,Kaveri Varman,DMDK,PWF+,15988,4,Kaveri Varman,,
Dr. Radhakrishnan Nagar,N,Chennai,2,Vasanthi Devi,VC,PWF+,55811,1,Vasanthi Devi,,
Dr. Radhakrishnan Nagar,N,Chennai,2,Aakinesh.P,PMK,PMK+,43458,2,Aakinesh.P,,
Dr. Radhakrishnan Nagar,N,Chennai,2,Raja..M.N,BJP,BJP+,38264,3,Raja..M.N,,
Dr. Radhakrishnan Nagar,N,Chennai,2,Devi,NTK,NTK+,35909,4,Devi,,
Dr. Radhakrishnan Nagar,N,Chennai,2,Simla Muthu Cholan,DMK,DMK+,16739,5,Simla Muthu Cholan,,
Dr. Radhakrishnan Nagar,N,Chennai,2,Jaya Lalitha.J,ADMK,ADMK+,16241,6,Jaya Lalitha.J,,
Perambur,N,Chennai,2,Dhanabal,PeMK,DMK+,65882,1,Dhanabal,,
Perambur,N,Chennai,2,Vetri Tamilan.C,NTK,NTK+,60142,2,Vetri Tamilan.C,,
Perambur,N,Chennai,2,Venkateshan Perumal.M,PMK,PMK+,50214,3,Venkateshan Perumal.M,,
Perambur,N,Chennai,2,Vetri Vel.P,ADMK,ADMK+,34399,4,Vetri Vel.P,,
Perambur,N,Chennai,2,Prakash,BJP,BJP+,27759,5,Prakash,,
Perambur,N,Chennai,2,Soundar Rajan.A,CPI,PWF+,1863,6,Soundar Rajan.A,,
Kolathur,N,Chennai,2,Gopal.S,PMK,PMK+,52813,1,Gopal.S,,
Kolathur,N,Chennai,2,Mathi Vanan,DMDK,PWF+,31118,2,Mathi Vanan,,
Kolathur,N,Chennai,2,Raghavan.K.T,BJP,BJP+,30064,3,Raghavan.K.T,,
Kolathur,N,Chennai,2,Seviar Felix,NTK,NTK+,29772,4,Seviar Felix,,
Kolathur,N,Chennai,2,Prabhakar.J.C.T,ADMK,ADMK+,26135,5,Prabhakar.J.C.T,,
Kolathur,N,Chennai,2,Stalin.M.K,DMK,DMK+,20173,6,Stalin.M.K,,
Villivakkam,N,Chennai,2,Jai Shankar.M,BJP,BJP+,31142,1,Jai Shankar.M,,
Villivakkam,N,Chennai,2,Subramanian.G.V,PMK,PMK+,29819,2,Subramanian.G.V,,
Villivakkam,N,Chennai,2,Pandiyan,DMDK,PWF+,4152,3,Pandiyan,,
Villivakkam,N,Chennai,2,Thadi.M.Rasu,ADMK,ADMK+,2853,4,Thadi.M.Rasu,,
Egmore,S,Chennai,2,Ravichandran,DMK,DMK+,44092,1,Ravichandran,,
Egmore,S,Chennai,2,Prabu,DMDK,PWF+,26511,2,Prabu,,
Egmore,S,Chennai,2,Venkatesan.M,BJP,BJP+,15964,3,Venkatesan.M,,
Egmore,S,Chennai,2,Parithi Ilam Vazhuthi,ADMK,ADMK+,6808,4,Parithi Ilam Vazhuthi,,
Egmore,S,Chennai,2,Jaya Lakshmi,NTK,NTK+,5853,5,Jaya Lakshmi,,
Egmore,S,Chennai,2,Rajendran.,PMK,PMK+,4622,6,Rajendran.,,
Royapuram,N,Chennai,2,Dr.Jameela,BJP,BJP+,65989,1,Dr.Jameela,,
Royapuram,N,Chennai,2,Manohar,INC,DMK+,43269,2,Manohar,,
Royapuram,N,Chennai,2,Jaya Kumar.D,ADMK,ADMK+,36040,3,Jaya Kumar.D,,
Royapuram,N,Chennai,2,Perumal.T.S,PMK,PMK+,34685,4,Perumal.T.S,,
Royapuram,N,Chennai,2,Aanand Raj.P,NTK,NTK+,32772,5,Aanand Raj.P,,
Royapuram,N,Chennai,2,Biju Jakko,TMC,PWF+,24845,6,Biju Jakko,,
Harbour,N,Chennai,2,Anwar,NTK,NTK+,66927,1,Anwar,,
Harbour,N,Chennai,2,Murath Bhuhari,MDMK,PWF+,53335,2,Murath Bhuhari,,
Harbour,N,Chennai,2,Seenivasan.K.S,ADMK,ADMK+,34253,3,Seenivasan.K.S,,
Harbour,N,Chennai,2,Krishna Kumar Nathani,BJP,BJP+,9013,4,Krishna Kumar Nathani,,
Harbour,N,Chennai,2,Suresh Kumar.R,PMK,PMK+,3758,5,Suresh Kumar.R,,
Harbour,N,Chennai,2,Sekar Babu,DMK,DMK+,3515,6,Sekar Babu,,
Thousand Lights,N,Chennai,2,Selvam,DMK,DMK+,57013,1,Selvam,,
Thousand Lights,N,Chennai,2,Murugeshan,NTK,NTK+,46453,2,Murugeshan,,
Thousand Lights,N,Chennai,2,Ambikapathy,MDMK,PWF+,44920,3,Ambikapathy,,
Thousand Lights,N,Chennai,2,Valar Mathi.B,ADMK,ADMK+,29767,4,Valar Mathi.B,,
Anna Nagar,N,Chennai,2,Mohan,DMK,DMK+,62422,1,Mohan,,
Anna Nagar,N,Chennai,2,Gokula Indhra.S,ADMK,ADMK+,60780,2,Gokula Indhra.S,,
Anna Nagar,N,Chennai,2,Amutha Nambi,NTK,NTK+,25749,3,Amutha Nambi,,
Anna Nagar,N,Chennai,2,Malaika Thayazhan,MDMK,PWF+,23846,4,Malaika Thayazhan,,
Anna Nagar,N,Chennai,2,Suresh Karuna,BJP,BJP+,9030,5,Suresh Karuna,,
Anna Nagar,N,Chennai,2,Akilesh Arali Malli Chetty,PMK,PMK+,590,6,Akilesh Arali Malli Chetty,,
T-Nagar,N,Chennai,2,Ponnaiyan.C,ADMK,ADMK+,52030,1,Ponnaiyan.C,,
T-Nagar,N,Chennai,2,Kali Das,BJP,BJP+,28162,2,Kali Das,,
T-Nagar,N,Chennai,2,Elumalai.S,CPM,PWF+,26840,3,Elumalai.S,,
T-Nagar,N,Chennai,2,Manoharan,NTK,NTK+,23670,4,Manoharan,,
T-Nagar,N,Chennai,2,Subramanaian.M,DMK,DMK+,18005,5,Subramanaian.M,,
Saidapet,N,Chennai,2,Kani Mozhi.S.N,DMK,DMK+,55358,1,Kani Mozhi.S.N,,
Saidapet,N,Chennai,2,Raja.H,BJP,BJP+,45129,2,Raja.H,,
Saidapet,N,Chennai,2,Vinod.V,PMK,PMK+,43777,3,Vinod.V,,
Saidapet,N,Chennai,2,Padmanabhan.K,NTK,NTK+,23617,4,Padmanabhan.K,,
Saidapet,N,Chennai,2,Kumar,DMDK,PWF+,10302,5,Kumar,,
Saidapet,N,Chennai,2,Sathya Narayanan,ADMK,ADMK+,3098,6,Sathya Narayanan,,
Mylapore,N,Chennai,2,Munavar Batcha.A.S,TMC,PWF+,69260,1,Munavar Batcha.A.S,,
Mylapore,N,Chennai,2,Nataraj.R,ADMK,ADMK+,62642,2,Nataraj.R,,
Mylapore,N,Chennai,2,Suresh Kumar,PMK,PMK+,26880,3,Suresh Kumar,,
Mylapore,N,Chennai,2,Ramji,NTK,NTK+,23585,4,Ramji,,
Thiru-Vi-Ka-Nagar,S,Chennai,2,Gowri,NTK,NTK+,31311,1,Gowri,,
Thiru-Vi-Ka-Nagar,S,Chennai,2,Sivakumar,DMK,DMK+,26041,2,Sivakumar,,
Thiru-Vi-Ka-Nagar,S,Chennai,2,Chandra Sekar,IJK,BJP+,6520,3,Chandra Sekar,,
Thiru-Vi-Ka-Nagar,S,Chennai,2,Vanitha Mani.T,PMK,PMK+,5726,4,Vanitha Mani.T,,
Virugampakkam,N,Chennai,2,Dhanasekaran,DMK,DMK+,63507,1,Dhanasekaran,,
Virugampakkam,N,Chennai,2,Dr.Tamilisai Soundara Rajan,BJP,BJP+,62841,2,Dr.Tamilisai Soundara Rajan,,
Virugampakkam,N,Chennai,2,Rajendran.S,NTK,NTK+,62649,3,Rajendran.S,,
Virugampakkam,N,Chennai,2,Jaya Rao.C.H,PMK,PMK+,41783,4,Jaya Rao.C.H,,
Virugampakkam,N,Chennai,2,Partha Sarathy,DMDK,PWF+,32795,5,Partha Sarathy,,
Chepauk,N,Chennai,2,Siva Kumar.P,NTK,NTK+,51340,1,Siva Kumar.P,,
Chepauk,N,Chennai,2,Abdulla Set,DMDK,PWF+,46903,2,Abdulla Set,,
Chepauk,N,Chennai,2,Kazali.A.V.AThiruvallikeni,PMK,PMK+,43258,3,Kazali.A.V.AThiruvallikeni,,
Velachery,N,Chennai,2,Vinobhava Bhoopathi.N,PMK,PMK+,60575,1,Vinobhava Bhoopathi.N,,
Velachery,N,Chennai,2,Raja,DMDK,PWF+,58347,2,Raja,,
Velachery,N,Chennai,2,Chandra Sekaran,NTK,NTK+,51917,3,Chandra Sekaran,,
Velachery,N,Chennai,2,Dolphin Sridhar,BJP,BJP+,21803,4,Dolphin Sridhar,,
Palani,N,Dindigul,4,Kumara Swamy.P,ADMK,ADMK+,45032,1,Kumara Swamy.P,,
Palani,N,Dindigul,4,Raja Manikkam,CPI,PWF+,44825,2,Raja Manikkam,,
Palani,N,Dindigul,4,Senthil Kumar,DMK,DMK+,21418,3,Senthil Kumar,,
Palani,N,Dindigul,4,Vinod,NTK,NTK+,2951,4,Vinod,,
Oddamchatram,N,Dindigul,4,Kitu Swamy,ADMK,ADMK+,67990,1,Kitu Swamy,,
Oddamchatram,N,Dindigul,4,Palani Swamy.S.K,BJP,BJP+,55081,2,Palani Swamy.S.K,,
Oddamchatram,N,Dindigul,4,Selva Kumar,NTK,NTK+,48598,3,Selva Kumar,,
Oddamchatram,N,Dindigul,4,Sakkara Bhani,DMK,DMK+,47998,4,Sakkara Bhani,,
Oddamchatram,N,Dindigul,4,Santhanam.K,CPM,PWF+,34175,5,Santhanam.K,,
Athoor,N,Dindigul,4,Natham R.Vishwanathan,ADMK,ADMK+,52202,1,Natham R.Vishwanathan,,
Athoor,N,Dindigul,4,Mariya Guna Sekaran,NTK,NTK+,34230,2,Mariya Guna Sekaran,,
Athoor,N,Dindigul,4,Elanchezhian.S.P,BJP,BJP+,25823,3,Elanchezhian.S.P,,
Athoor,N,Dindigul,4,Periya Swamy.I,DMK,DMK+,15689,4,Periya Swamy.I,,
Athoor,N,Dindigul,4,Bakya Selvaraj.M,DMDK,PWF+,11243,5,Bakya Selvaraj.M,,
Athoor,N,Dindigul,4,Nirmala @ Gnana Soundari,PMK,PMK+,3293,6,Nirmala @ Gnana Soundari,,
Natham,N,Dindigul,4,Siva Shankaran,NTK,NTK+,32673,1,Siva Shankaran,,
Natham,N,Dindigul,4,Andi Ambalam,DMK,DMK+,28076,2,Andi Ambalam,,
Natham,N,Dindigul,4,Shanthana Krishnan,IJK,BJP+,23623,3,Shanthana Krishnan,,
Natham,N,Dindigul,4,Karthikeyan,DMDK,PWF+,19453,4,Karthikeyan,,
Natham,N,Dindigul,4,Shajahan.S,ADMK,ADMK+,7549,5,Shajahan.S,,
Dindigul,N,Dindigul,4,Bazeer Mohmed,DMK,DMK+,68014,1,Bazeer Mohmed,,
Dindigul,N,Dindigul,4,Parasuraman.R,PMK,PMK+,66559,2,Parasuraman.R,,
Dindigul,N,Dindigul,4,Thirumalai Balaji,BJP,BJP+,61352,3,Thirumalai Balaji,,
Dindigul,N,Dindigul,4,Pandi.N,CPI,PWF+,55024,4,Pandi.N,,
Dindigul,N,Dindigul,4,Dindigul C.Seenivasan,ADMK,ADMK+,23273,5,Dindigul C.Seenivasan,,
Vedasandur,N,Dindigul,4,Shiva Ranjani,IJK,BJP+,48246,1,Shiva Ranjani,,
Vedasandur,N,Dindigul,4,Sivasakthi Gownder,INC,DMK+,46453,2,Sivasakthi Gownder,,
Vedasandur,N,Dindigul,4,Dr.Paramashivam.V.P.B,ADMK,ADMK+,39026,3,Dr.Paramashivam.V.P.B,,
Vedasandur,N,Dindigul,4,Palani Swamy.K.C,PMK,PMK+,24782,4,Palani Swamy.K.C,,
Vedasandur,N,Dindigul,4,Balu,DMDK,PWF+,12250,5,Balu,,
Vedasandur,N,Dindigul,4,Vetri,NTK,NTK+,5130,6,Vetri,,
Melur,N,Madurai,4,Seeman,NTK,NTK+,63282,1,Seeman,,
Melur,N,Madurai,4,Abdhul Salam.A.K,PMK,PMK+,54321,2,Abdhul Salam.A.K,,
Melur,N,Madurai,4,Boopathi Kakan.P.V,BJP,BJP+,46723,3,Boopathi Kakan.P.V,,
Melur,N,Madurai,4,Periya Pullan Alias Selvam.P,ADMK,ADMK+,14403,4,Periya Pullan Alias Selvam.P,,
Melur,N,Madurai,4,Raghupathi,DMK,DMK+,13748,5,Raghupathi,,
Melur,N,Madurai,4,Bharath Nachiappan.T.N,TMC,PWF+,2261,6,Bharath Nachiappan.T.N,,
Madurai East,N,Madurai,4,Moorthy,DMK,DMK+,48664,1,Moorthy,,
Madurai East,N,Madurai,4,Senkannan,NTK,NTK+,24680,2,Senkannan,,
Madurai East,N,Madurai,4,Thakkar P.Pandi,ADMK,ADMK+,15424,3,Thakkar P.Pandi,,
Madurai East,N,Madurai,4,Kali Das.P,CPM,PWF+,14821,4,Kali Das.P,,
Madurai East,N,Madurai,4,Alaghu Raja.R,PMK,PMK+,8853,5,Alaghu Raja.R,,
Madurai East,N,Madurai,4,Susheendran.M.,BJP,BJP+,5296,6,Susheendran.M.,,
Sholavandan,S,Madurai,4,Palani Vel Swamy.S.,BJP,BJP+,55469,1,Palani Vel Swamy.S.,,
Sholavandan,S,Madurai,4,Pandiyammal,VC,PWF+,50747,2,Pandiyammal,,
Sholavandan,S,Madurai,4,Manikkam.K,ADMK,ADMK+,50399,3,Manikkam.K,,
Sholavandan,S,Madurai,4,Muthaiah,PMK,PMK+,36766,4,Muthaiah,,
Sholavandan,S,Madurai,4,Bhavani.C,DMK,DMK+,35452,5,Bhavani.C,,
Sholavandan,S,Madurai,4,Sakthi,NTK,NTK+,1758,6,Sakthi,,
Madurai North,N,Madurai,4,Aananth,IJK,BJP+,39697,1,Aananth,,
Madurai North,N,Madurai,4,Asai Kumar.A.R,PMK,PMK+,38994,2,Asai Kumar.A.R,,
Madurai North,N,Madurai,4,Karthikeyan,INC,DMK+,38195,3,Karthikeyan,,
Madurai North,N,Madurai,4,Mujibur Rahman,DMDK,PWF+,31038,4,Mujibur Rahman,,
Madurai North,N,Madurai,4,Rajan Chellappa,ADMK,ADMK+,22205,5,Rajan Chellappa,,
Madurai North,N,Madurai,4,Saral,NTK,NTK+,8991,6,Saral,,
Madurai South,N,Madurai,4,Maha Lakshmi.AR,BJP,BJP+,67460,1,Maha Lakshmi.AR,,
Madurai South,N,Madurai,4,Puthur Boominathan,MDMK,PWF+,62831,2,Puthur Boominathan,,
Madurai South,N,Madurai,4,Bala Chandran,DMK,DMK+,47434,3,Bala Chandran,,
Madurai South,N,Madurai,4,Mari Chelvam.C,PMK,PMK+,39882,4,Mari Chelvam.C,,
Madurai South,N,Madurai,4,Vijaya Kumar,NTK,NTK+,31201,5,Vijaya Kumar,,
Madurai South,N,Madurai,4,Saravanan.S.S,ADMK,ADMK+,5183,6,Saravanan.S.S,,
Madurai Central,N,Madurai,4,Karthik Prabhu,BJP,BJP+,54643,1,Karthik Prabhu,,
Madurai Central,N,Madurai,4,Siva Muthu Kumar,DMDK,PWF+,37371,2,Siva Muthu Kumar,,
Madurai Central,N,Madurai,4,Jaya Paul.M,ADMK,ADMK+,32277,3,Jaya Paul.M,,
Madurai Central,N,Madurai,4,Vetri Kumaran,NTK,NTK+,20432,4,Vetri Kumaran,,
Madurai Central,N,Madurai,4,Selvam.P,PMK,PMK+,3973,5,Selvam.P,,
Madurai West,N,Madurai,4,Thiru Navukkarasu,NTK,NTK+,62644,1,Thiru Navukkarasu,,
Madurai West,N,Madurai,4,Thalapathy,DMK,DMK+,57133,2,Thalapathy,,
Madurai West,N,Madurai,4,Vasughi.O,CPI,PWF+,51440,3,Vasughi.O,,
Madurai West,N,Madurai,4,Krishna Kumar.P,PMK,PMK+,46964,4,Krishna Kumar.P,,
Madurai West,N,Madurai,4,Sellur K.Raju,ADMK,ADMK+,20363,5,Sellur K.Raju,,
Madurai West,N,Madurai,4,Sashi Kumar.A,BJP,BJP+,1349,6,Sashi Kumar.A,,
Thirupparankundram,N,Madurai,4,Seeni Velu.S.M,ADMK,ADMK+,54150,1,Seeni Velu.S.M,,
Thirupparankundram,N,Madurai,4,Maha Devan,NTK,NTK+,46853,2,Maha Devan,,
Thirupparankundram,N,Madurai,4,Mani Maran,DMK,DMK+,22260,3,Mani Maran,,
Thirupparankundram,N,Madurai,4,Kanthaswamy.K,CPM,PWF+,19470,4,Kanthaswamy.K,,
Thirumangalam,N,Madurai,4,Kannaiah.T,PMK,PMK+,56237,1,Kannaiah.T,,
Thirumangalam,N,Madurai,4,Udhaya Kumar.R.B,ADMK,ADMK+,48581,2,Udhaya Kumar.R.B,,
Thirumangalam,N,Madurai,4,Jaya Raman,INC,DMK+,43463,3,Jaya Raman,,
Thirumangalam,N,Madurai,4,Seenivasan,DMDK,PWF+,17891,4,Seenivasan,,
Thirumangalam,N,Madurai,4,Rama Moorthy.VR.,BJP,BJP+,11842,5,Rama Moorthy.VR.,,
Usilampatti,N,Madurai,4,Sangili.M,BJP,BJP+,48992,1,Sangili.M,,
Usilampatti,N,Madurai,4,Baskara Sethupathi,MDMK,PWF+,39489,2,Baskara Sethupathi,,
Usilampatti,N,Madurai,4,Neethi Pathi.P,ADMK,ADMK+,34625,3,Neethi Pathi.P,,
Usilampatti,N,Madurai,4,Ayunthu Kovilan,NTK,NTK+,31481,4,Ayunthu Kovilan,,
Usilampatti,N,Madurai,4,Ela Mahizhan,DMK,DMK+,2654,5,Ela Mahizhan,,
Periyakulam,S,Theni,4,Chellam.K,BJP,BJP+,67254,1,Chellam.K,,
Periyakulam,S,Theni,4,Prof Kathir Kamu,ADMK,ADMK+,46768,2,Prof Kathir Kamu,,
Periyakulam,S,Theni,4,Lasar.A,CPI,PWF+,37784,3,Lasar.A,,
Periyakulam,S,Theni,4,Pushpa Latha,NTK,NTK+,24573,4,Pushpa Latha,,
Bodinayakkanur,N,Theni,4,Ramakrishnan.A,PMK,PMK+,67727,1,Ramakrishnan.A,,
Bodinayakkanur,N,Theni,4,Veera Bhadran,DMDK,PWF+,48664,2,Veera Bhadran,,
Bodinayakkanur,N,Theni,4,Venkateshwaran.V.,BJP,BJP+,43984,3,Venkateshwaran.V.,,
Bodinayakkanur,N,Theni,4,Paneer Selvam.O.S,ADMK,ADMK+,13789,4,Paneer Selvam.O.S,,
Bodinayakkanur,N,Theni,4,Lakshmanan,DMK,DMK+,4367,5,Lakshmanan,,
Cumbum,N,Theni,4,Jakkaiyan.S.T.K,ADMK,ADMK+,53792,1,Jakkaiyan.S.T.K,,
Cumbum,N,Theni,4,Jaya Paul,NTK,NTK+,53525,2,Jaya Paul,,
Cumbum,N,Theni,4,Rama Chandran,TMC,PWF+,51824,3,Rama Chandran,,
Cumbum,N,Theni,4,Pon Katchi Kannan,PMK,PMK+,31206,4,Pon Katchi Kannan,,
Cumbum,N,Theni,4,Rama Krishnan,DMK,DMK+,30620,5,Rama Krishnan,,
Cumbum,N,Theni,4,Prabhaharan,BJP,BJP+,14128,6,Prabhaharan,,
Nilakkottai,S,Dindigul,4,Rama Moorthy.Na,PMK,PMK+,54370,1,Rama Moorthy.Na,,
Nilakkottai,S,Dindigul,4,Sangili,NTK,NTK+,47836,2,Sangili,,
Nilakkottai,S,Dindigul,4,Anbalaghan.M,DMK,DMK+,45705,3,Anbalaghan.M,,
Nilakkottai,S,Dindigul,4,Rama Swamy,DMDK,PWF+,37024,4,Rama Swamy,,
Nilakkottai,S,Dindigul,4,Alaghu Mani,BJP,BJP+,10789,5,Alaghu Mani,,
Andipatti,N,Theni,4,Mookaiya,DMK,DMK+,43165,1,Mookaiya,,
Andipatti,N,Theni,4,Thambi Aananthan,NTK,NTK+,25144,2,Thambi Aananthan,,
Andipatti,N,Theni,4,Ravi .K,PMK,PMK+,17756,3,Ravi .K,,
Andipatti,N,Theni,4,Krishna Moorthy,DMDK,PWF+,14838,4,Krishna Moorthy,,
Andipatti,N,Theni,4,Sakkaravarthy.S.R,BJP,BJP+,6588,5,Sakkaravarthy.S.R,,
Gingee,N,Villupuram,5,Masthan,DMK,DMK+,59544,1,Masthan,,
Gingee,N,Villupuram,5,Rajendran.M.S,BJP,BJP+,52877,2,Rajendran.M.S,,
Gingee,N,Villupuram,5,Govindha Swamy.A,ADMK,ADMK+,52671,3,Govindha Swamy.A,,
Gingee,N,Villupuram,5,Dhana Sekaran,NTK,NTK+,19585,4,Dhana Sekaran,,
Gingee,N,Villupuram,5,Mani,MDMK,PWF+,12650,5,Mani,,
Mailam,N,Villupuram,5,Masila Mani,DMK,DMK+,69215,1,Masila Mani,,
Mailam,N,Villupuram,5,Rama Devi,IJK,BJP+,59915,2,Rama Devi,,
Mailam,N,Villupuram,5,Anna Durai.K,ADMK,ADMK+,41528,3,Anna Durai.K,,
Mailam,N,Villupuram,5,Raja Sekaran.V.R,PMK,PMK+,37788,4,Raja Sekaran.V.R,,
Mailam,N,Villupuram,5,Balaji.S.S,VC,PWF+,13901,5,Balaji.S.S,,
Mailam,N,Villupuram,5,Vijaya Lakshmi,NTK,NTK+,9284,6,Vijaya Lakshmi,,
Tindivanam,S,Villupuram,5,Kalidas.A,PMK,PMK+,48205,1,Kalidas.A,,
Tindivanam,S,Villupuram,5,Puvaneshwari.K,NTK,NTK+,29056,2,Puvaneshwari.K,,
Tindivanam,S,Villupuram,5,Poovazhagi,BJP,BJP+,22221,3,Poovazhagi,,
Tindivanam,S,Villupuram,5,Udhaya Kumar,DMDK,PWF+,16931,4,Udhaya Kumar,,
Tindivanam,S,Villupuram,5,Rajendran.S.P,ADMK,ADMK+,8644,5,Rajendran.S.P,,
Vanur,S,Villupuram,5,Lakshmi,NTK,NTK+,67651,1,Lakshmi,,
Vanur,S,Villupuram,5,Shankar.M.P,PMK,PMK+,45407,2,Shankar.M.P,,
Vanur,S,Villupuram,5,Dr. Thiru Selva Kumar,BJP,BJP+,41921,3,Dr. Thiru Selva Kumar,,
Vanur,S,Villupuram,5,Chakkara Bhani.M,ADMK,ADMK+,14898,4,Chakkara Bhani.M,,
Vanur,S,Villupuram,5,Maithili Rajendran,DMK,DMK+,11947,5,Maithili Rajendran,,
Vanur,S,Villupuram,5,Ravi Kumar,VC,PWF+,3933,6,Ravi Kumar,,
Vikravandi,N,Villupuram,5,Aathavan.R.S,BJP,BJP+,62697,1,Aathavan.R.S,,
Vikravandi,N,Villupuram,5,Anbhu Mani.C,PMK,PMK+,37712,2,Anbhu Mani.C,,
Vikravandi,N,Villupuram,5,Saravana Kumar.S,NTK,NTK+,30466,3,Saravana Kumar.S,,
Vikravandi,N,Villupuram,5,Rama Moorthy.R,CPI,PWF+,24867,4,Rama Moorthy.R,,
Vikravandi,N,Villupuram,5,Radha Mani,DMK,DMK+,24592,5,Radha Mani,,
Vikravandi,N,Villupuram,5,Cheval R.Velu,ADMK,ADMK+,19097,6,Cheval R.Velu,,
Tirukkoyilur,N,Villupuram,5,Shakthi.Bala,PMK,PMK+,68741,1,Shakthi.Bala,,
Tirukkoyilur,N,Villupuram,5,Raja Sekar.T,NTK,NTK+,66428,2,Raja Sekar.T,,
Tirukkoyilur,N,Villupuram,5,Cheval G.Kothanda Raman,ADMK,ADMK+,44272,3,Cheval G.Kothanda Raman,,
Tirukkoyilur,N,Villupuram,5,Pon Mudi,DMK,DMK+,31406,4,Pon Mudi,,
Tirukkoyilur,N,Villupuram,5,Thanda Pani,IMKMK,BJP+,10072,5,Thanda Pani,,
Ulundurpet,N,Villupuram,5,Vasantha Vel.G.R,DMK,DMK+,67191,1,Vasantha Vel.G.R,,
Ulundurpet,N,Villupuram,5,Rajendran,IJK,BJP+,44848,2,Rajendran,,
Ulundurpet,N,Villupuram,5,Kumara Guru.R,ADMK,ADMK+,39922,3,Kumara Guru.R,,
Ulundurpet,N,Villupuram,5,Vijaya Kanth,DMDK,PWF+,32818,4,Vijaya Kanth,,
Ulundurpet,N,Villupuram,5,Thesinghu.C,NTK,NTK+,11421,5,Thesinghu.C,,
Ulundurpet,N,Villupuram,5,Balu,PMK,PMK+,950,6,Balu,,
Rishivandiyam,N,Villupuram,5,Senthil Kumar,IJK,BJP+,64501,1,Senthil Kumar,,
Rishivandiyam,N,Villupuram,5,Muniyan,NTK,NTK+,61721,2,Muniyan,,
Rishivandiyam,N,Villupuram,5,Pandiyan.K.P,PMK,PMK+,50451,3,Pandiyan.K.P,,
Rishivandiyam,N,Villupuram,5,Vincent Jaya Raj,DMDK,PWF+,44701,4,Vincent Jaya Raj,,
Rishivandiyam,N,Villupuram,5,Karthikeyan,DMK,DMK+,33497,5,Karthikeyan,,
Rishivandiyam,N,Villupuram,5,Kathir Thandabhani,ADMK,ADMK+,11141,6,Kathir Thandabhani,,
Sankarapuram,N,Villupuram,5,Mohan.P,ADMK,ADMK+,69140,1,Mohan.P,,
Sankarapuram,N,Villupuram,5,Govindhan,DMDK,PWF+,59227,2,Govindhan,,
Sankarapuram,N,Villupuram,5,Uthaya Surian,DMK,DMK+,32737,3,Uthaya Surian,,
Sankarapuram,N,Villupuram,5,Sivaraman.S,PMK,PMK+,28060,4,Sivaraman.S,,
Sankarapuram,N,Villupuram,5,Sarathy,IJK,BJP+,23391,5,Sarathy,,
Sankarapuram,N,Villupuram,5,Shankar,NTK,NTK+,14626,6,Shankar,,
Kallakurichi,S,Villupuram,5,Mariappan.C/K/.,NTK,NTK+,53911,1,Mariappan.C/K/.,,
Kallakurichi,S,Villupuram,5,Prabhu.A,ADMK,ADMK+,51592,2,Prabhu.A,,
Kallakurichi,S,Villupuram,5,Rama Moorthy,VC,PWF+,27110,3,Rama Moorthy,,
Kallakurichi,S,Villupuram,5,Kamaraj,DMK,DMK+,22403,4,Kamaraj,,
Kallakurichi,S,Villupuram,5,Senthamil Selvi,PMK,PMK+,21157,5,Senthamil Selvi,,
Kallakurichi,S,Villupuram,5,Ilaya Perumal,IJK,BJP+,15415,6,Ilaya Perumal,,
Gangavalli,S,Villupuram,5,Senthil Kumar.Po,NTK,NTK+,64285,1,Senthil Kumar.Po,,
Gangavalli,S,Villupuram,5,Siwakami Paramasivam,BJP,BJP+,58301,2,Siwakami Paramasivam,,
Gangavalli,S,Villupuram,5,Subha,DMDK,PWF+,54311,3,Subha,,
Gangavalli,S,Villupuram,5,Rekha Priya Dharshini,DMK,DMK+,11056,4,Rekha Priya Dharshini,,
Gangavalli,S,Villupuram,5,Marutha Muthu.A,ADMK,ADMK+,272,5,Marutha Muthu.A,,
Attur,S,Salem,5,Chinna Thambi.R.M,ADMK,ADMK+,62751,1,Chinna Thambi.R.M,,
Attur,S,Salem,5,Chella Durai,IJK,BJP+,54832,2,Chella Durai,,
Attur,S,Salem,5,Sutheesh Babu.S,NTK,NTK+,43428,3,Sutheesh Babu.S,,
Attur,S,Salem,5,Amsa Veni.E,PMK,PMK+,35071,4,Amsa Veni.E,,
Attur,S,Salem,5,Aathithyan,VC,PWF+,17111,5,Aathithyan,,
Attur,S,Salem,5,Artha Nari,INC,DMK+,9040,6,Artha Nari,,
Yercaud,S,Salem,5,Selvam.R,PMK,PMK+,70000,1,Selvam.R,,
Yercaud,S,Salem,5,Senkottu Vel.T,NTK,NTK+,40716,2,Senkottu Vel.T,,
Yercaud,S,Salem,5,Ponn. Raja,BJP,BJP+,40391,3,Ponn. Raja,,
Yercaud,S,Salem,5,Kumar,DMDK,PWF+,40158,4,Kumar,,
Yercaud,S,Salem,5,Chitra.K,ADMK,ADMK+,26239,5,Chitra.K,,
Yercaud,S,Salem,5,Tamil Selvan,DMK,DMK+,26044,6,Tamil Selvan,,
Omalur,N,Salem,5,Ammashi,DMK,DMK+,65309,1,Ammashi,,
Omalur,N,Salem,5,Ramesh,NTK,NTK+,22415,2,Ramesh,,
Omalur,N,Salem,5,Govindharaj,IJK,BJP+,21011,3,Govindharaj,,
Omalur,N,Salem,5,Tamilarasu.A,PMK,PMK+,9533,4,Tamilarasu.A,,
Omalur,N,Salem,5,Vetri Vel.S,ADMK,ADMK+,6177,5,Vetri Vel.S,,
Omalur,N,Salem,5,Elangovan,DMDK,PWF+,1414,6,Elangovan,,
Mettur,N,Salem,5,Bhoopathi,DMDK,PWF+,35983,1,Bhoopathi,,
Mettur,N,Salem,5,Chandra Sekaran,ADMK,ADMK+,26439,2,Chandra Sekaran,,
Mettur,N,Salem,5,Mani.G.K,PMK,PMK+,25177,3,Mani.G.K,,
Mettur,N,Salem,5,Venkatachalam,NTK,NTK+,24518,4,Venkatachalam,,
Mettur,N,Salem,5,Parthibhan,MDMDK,DMK+,21350,5,Parthibhan,,
Mettur,N,Salem,5,Bala Subramanian,BJP,BJP+,807,6,Bala Subramanian,,
Edappadi,N,Salem,5,Venkateshan,IJK,BJP+,69941,1,Venkateshan,,
Edappadi,N,Salem,5,Edapadi K.Palani Swamy,ADMK,ADMK+,54449,2,Edapadi K.Palani Swamy,,
Edappadi,N,Salem,5,Murugeshan,DMK,DMK+,45319,3,Murugeshan,,
Edappadi,N,Salem,5,Anna Durai.N,PMK,PMK+,38176,4,Anna Durai.N,,
Edappadi,N,Salem,5,Ramesh,NTK,NTK+,27394,5,Ramesh,,
Sankari,N,Salem,5,Janaki,NTK,NTK+,54060,1,Janaki,,
Sankari,N,Salem,5,Raja.S,ADMK,ADMK+,45282,2,Raja.S,,
Sankari,N,Salem,5,Murugeshan.AC,BJP,BJP+,30525,3,Murugeshan.AC,,
Sankari,N,Salem,5,Rajeshwaran,INC,DMK+,29589,4,Rajeshwaran,,
Sankari,N,Salem,5,Selva Kumar.K,TMC,PWF+,14774,5,Selva Kumar.K,,
Sankari,N,Salem,5,Kannan @ Kannayyan,PMK,PMK+,4020,6,Kannan @ Kannayyan,,
Salem (West),N,Salem,5,Venkatachalam.G,ADMK,ADMK+,69125,1,Venkatachalam.G,,
Salem (West),N,Salem,5,Mohan Raj,DMDK,PWF+,59504,2,Mohan Raj,,
Salem (West),N,Salem,5,Paneer Selvam,DMK,DMK+,51278,3,Paneer Selvam,,
Salem (West),N,Salem,5,Koventhan,NTK,NTK+,38401,4,Koventhan,,
Salem (West),N,Salem,5,Arul.R,PMK,PMK+,18516,5,Arul.R,,
Salem (West),N,Salem,5,Hariharan,IJK,BJP+,4476,6,Hariharan,,
Salem (North),N,Salem,5,Gopinath,BJP,BJP+,56104,1,Gopinath,,
Salem (North),N,Salem,5,Deva Das.R,TMC,PWF+,52856,2,Deva Das.R,,
Salem (North),N,Salem,5,Raja Ammayappan,NTK,NTK+,37854,3,Raja Ammayappan,,
Salem (North),N,Salem,5,Kathir. Raja Rathnam,PMK,PMK+,35258,4,Kathir. Raja Rathnam,,
Salem (North),N,Salem,5,Saravanan.K.R.S,ADMK,ADMK+,22610,5,Saravanan.K.R.S,,
Salem (North),N,Salem,5,Rajendran,DMK,DMK+,2755,6,Rajendran,,
Salem (South),N,Salem,5,Jaya Chandran,VC,PWF+,45638,1,Jaya Chandran,,
Salem (South),N,Salem,5,Anna Durai,BJP,BJP+,45260,2,Anna Durai,,
Salem (South),N,Salem,5,Kumar.K,PMK,PMK+,36715,3,Kumar.K,,
Salem (South),N,Salem,5,Prema,NTK,NTK+,28859,4,Prema,,
Salem (South),N,Salem,5,Gunasekaran,DMK,DMK+,25816,5,Gunasekaran,,
Salem (South),N,Salem,5,Sakthi Vel.A.B,ADMK,ADMK+,7683,6,Sakthi Vel.A.B,,
Veerapandi,N,Salem,5,Samraj.A.R.P,PMK,PMK+,55321,1,Samraj.A.R.P,,
Veerapandi,N,Salem,5,Rajendran,DMK,DMK+,54587,2,Rajendran,,
Veerapandi,N,Salem,5,Sasi Kumar,NTK,NTK+,38433,3,Sasi Kumar,,
Veerapandi,N,Salem,5,Mohan Kumar,IJK,BJP+,22332,4,Mohan Kumar,,
Veerapandi,N,Salem,5,Mohan.A,CPM,PWF+,6371,5,Mohan.A,,
Veerapandi,N,Salem,5,Manon Mani.S,ADMK,ADMK+,5692,6,Manon Mani.S,,
Villupuram,N,Villupuram,5,Jaya Kumar.R,BJP,BJP+,52003,1,Jaya Kumar.R,,
Villupuram,N,Villupuram,5,Palani Vel.P,PMK,PMK+,49273,2,Palani Vel.P,,
Villupuram,N,Villupuram,5,Venkateshan,DMDK,PWF+,42465,3,Venkateshan,,
Villupuram,N,Villupuram,5,Subramani,NTK,NTK+,32743,4,Subramani,,
Villupuram,N,Villupuram,5,Ameer Abbas,IUML,DMK+,11203,5,Ameer Abbas,,
Rasipuram,S,Namakkal,6,Arun,NTK,NTK+,65168,1,Arun,,
Rasipuram,S,Namakkal,6,Guppu Swamy,BJP,BJP+,64467,2,Guppu Swamy,,
Rasipuram,S,Namakkal,6,Dr.Saroja.V,ADMK,ADMK+,46505,3,Dr.Saroja.V,,
Rasipuram,S,Namakkal,6,Durai Swamy.V.P,DMK,DMK+,43137,4,Durai Swamy.V.P,,
Rasipuram,S,Namakkal,6,Arjun.K,VC,PWF+,13781,5,Arjun.K,,
Senthamangalam,S,Namakkal,6,Susheela.S,PMK,PMK+,64160,1,Susheela.S,,
Senthamangalam,S,Namakkal,6,Malar Kodi Anbhu Thambi,NTK,NTK+,59802,2,Malar Kodi Anbhu Thambi,,
Senthamangalam,S,Namakkal,6,Chandra Sekaran.C,ADMK,ADMK+,32812,3,Chandra Sekaran.C,,
Senthamangalam,S,Namakkal,6,Ponnu Swamy,DMK,DMK+,25375,4,Ponnu Swamy,,
Senthamangalam,S,Namakkal,6,Sathya,DMDK,PWF+,9113,5,Sathya,,
Namakkal,N,Namakkal,6,Chezhiyan,INC,DMK+,59750,1,Chezhiyan,,
Namakkal,N,Namakkal,6,Baskar.K.P.P,ADMK,ADMK+,52310,2,Baskar.K.P.P,,
Namakkal,N,Namakkal,6,Durai Swamy.A,PMK,PMK+,51364,3,Durai Swamy.A,,
Namakkal,N,Namakkal,6,Rajendran,IMKMK,BJP+,7914,4,Rajendran,,
Namakkal,N,Namakkal,6,Elango.N,TMC,PWF+,1662,5,Elango.N,,
Paramathi-Velur,N,Namakkal,6,Muthu Kumar,DMDK,PWF+,57971,1,Muthu Kumar,,
Paramathi-Velur,N,Namakkal,6,Rajendran,ADMK,ADMK+,41418,2,Rajendran,,
Paramathi-Velur,N,Namakkal,6,Ramesh.P,PMK,PMK+,38462,3,Ramesh.P,,
Paramathi-Velur,N,Namakkal,6,Raj Gownder @ Rajkumar,BJP,BJP+,36094,4,Raj Gownder @ Rajkumar,,
Paramathi-Velur,N,Namakkal,6,Moorthy,DMK,DMK+,28392,5,Moorthy,,
Tiruchengodu,N,Namakkal,6,Elangovan,DMK,DMK+,60423,1,Elangovan,,
Tiruchengodu,N,Namakkal,6,Vijaya Kamal,DMDK,PWF+,59444,2,Vijaya Kamal,,
Tiruchengodu,N,Namakkal,6,Raja.S,PMK,PMK+,46060,3,Raja.S,,
Tiruchengodu,N,Namakkal,6,Natarajan,NTK,NTK+,28386,4,Natarajan,,
Tiruchengodu,N,Namakkal,6,Ponn Saraswathi,ADMK,ADMK+,20282,5,Ponn Saraswathi,,
Erode (East),N,Erode,6,Koothan,NTK,NTK+,69333,1,Koothan,,
Erode (East),N,Erode,6,Chandra Kumar,MDMDK,DMK+,48973,2,Chandra Kumar,,
Erode (East),N,Erode,6,Rajendran.P,PMK,PMK+,39508,3,Rajendran.P,,
Erode (East),N,Erode,6,Chairman.Ponn.Kumar,DMDK,PWF+,37241,4,Chairman.Ponn.Kumar,,
Erode (East),N,Erode,6,Thennarasu,ADMK,ADMK+,28974,5,Thennarasu,,
Erode (East),N,Erode,6,Rajesh Kumar.P,BJP,BJP+,27964,6,Rajesh Kumar.P,,
Modakkurichi,N,Erode,6,Siva Subramanian.V.P,ADMK,ADMK+,63947,1,Siva Subramanian.V.P,,
Modakkurichi,N,Erode,6,Logu @ Prakash.K,NTK,NTK+,56372,2,Logu @ Prakash.K,,
Modakkurichi,N,Erode,6,Sachithanantham,DMK,DMK+,44465,3,Sachithanantham,,
Modakkurichi,N,Erode,6,Nachi Muthu.C,PMK,PMK+,40782,4,Nachi Muthu.C,,
Modakkurichi,N,Erode,6,Krishna Kumar,BJP,BJP+,27015,5,Krishna Kumar,,
Modakkurichi,N,Erode,6,Ramesh,DMDK,PWF+,3117,6,Ramesh,,
Perundurai,N,Erode,6,Kumareshan.P,PMK,PMK+,67771,1,Kumareshan.P,,
Perundurai,N,Erode,6,Thoppu N.T.Venkatachalam,ADMK,ADMK+,65758,2,Thoppu N.T.Venkatachalam,,
Perundurai,N,Erode,6,Chandra Sekar,BJP,BJP+,51071,3,Chandra Sekar,,
Perundurai,N,Erode,6,Mohana Sundaram,DMK,DMK+,17458,4,Mohana Sundaram,,
Bhavani,N,Erode,6,Sivakumar,DMK,DMK+,68809,1,Sivakumar,,
Bhavani,N,Erode,6,Karuppanan.K.C,ADMK,ADMK+,35429,2,Karuppanan.K.C,,
Bhavani,N,Erode,6,Ramanathan.K.V,PMK,PMK+,35204,3,Ramanathan.K.V,,
Bhavani,N,Erode,6,Seetha Lakshmi,NTK,NTK+,16504,4,Seetha Lakshmi,,
Bhavani,N,Erode,6,Gopal,DMDK,PWF+,4603,5,Gopal,,
Bhavanisagar,S,Erode,6,Vadi Velu.N.R,PMK,PMK+,67399,1,Vadi Velu.N.R,,
Bhavanisagar,S,Erode,6,Sangeetha,NTK,NTK+,45391,2,Sangeetha,,
Bhavanisagar,S,Erode,6,Sathya,DMK,DMK+,26851,3,Sathya,,
Bhavanisagar,S,Erode,6,Easwaran.S,ADMK,ADMK+,15780,4,Easwaran.S,,
Bhavanisagar,S,Erode,6,Sundaram.P.L.,CPM,PWF+,15668,5,Sundaram.P.L.,,
Bhavanisagar,S,Erode,6,Palani Swamy.N.R,BJP,BJP+,4631,6,Palani Swamy.N.R,,
Udhagamandalam,N,Nilgiris,6,King Narsesus,DMDK,PWF+,53404,1,King Narsesus,,
Udhagamandalam,N,Nilgiris,6,Paul Raj.M,PMK,PMK+,42148,2,Paul Raj.M,,
Udhagamandalam,N,Nilgiris,6,Raman.J,BJP,BJP+,35601,3,Raman.J,,
Udhagamandalam,N,Nilgiris,6,Kapachi D.Vinod,ADMK,ADMK+,23865,4,Kapachi D.Vinod,,
Gudalur,S,Nilgiris,6,Murugesh.R,PMK,PMK+,69274,1,Murugesh.R,,
Gudalur,S,Nilgiris,6,Diravida Mani,DMK,DMK+,50313,2,Diravida Mani,,
Gudalur,S,Nilgiris,6,Kalai Selvan.S,ADMK,ADMK+,43431,3,Kalai Selvan.S,,
Gudalur,S,Nilgiris,6,Tamil Mani.P,CPI,PWF+,32861,4,Tamil Mani.P,,
Gudalur,S,Nilgiris,6,Anbu @ Anbarasan,BJP,BJP+,24634,5,Anbu @ Anbarasan,,
Coonoor,N,Nilgiris,6,Kumaran.B,BJP,BJP+,69564,1,Kumaran.B,,
Coonoor,N,Nilgiris,6,Chidambaram,DMDK,PWF+,66510,2,Chidambaram,,
Coonoor,N,Nilgiris,6,Mahesh @ Mahendran.M,PMK,PMK+,60413,3,Mahesh @ Mahendran.M,,
Coonoor,N,Nilgiris,6,Mubarak,DMK,DMK+,44845,4,Mubarak,,
Coonoor,N,Nilgiris,6,Ramu.A Shanthi,ADMK,ADMK+,23037,5,Ramu.A Shanthi,,
Coonoor,N,Nilgiris,6,Rama Swamy,NTK,NTK+,7707,6,Rama Swamy,,
Kumarapalayam,N,Erode,6,Easwaran.K,BJP,BJP+,67504,1,Easwaran.K,,
Kumarapalayam,N,Erode,6,Yuvaraj,DMK,DMK+,62478,2,Yuvaraj,,
Kumarapalayam,N,Erode,6,Matheswaran,DMDK,PWF+,37030,3,Matheswaran,,
Kumarapalayam,N,Erode,6,Arun Kumar.K,NTK,NTK+,31768,4,Arun Kumar.K,,
Kumarapalayam,N,Erode,6,Moorthy.,PMK,PMK+,31109,5,Moorthy.,,
Erode (West),N,Erode,6,Palani Chamy.N.P,BJP,BJP+,59635,1,Palani Chamy.N.P,,
Erode (West),N,Erode,6,Tamil Selvan,NTK,NTK+,43629,2,Tamil Selvan,,
Erode (West),N,Erode,6,Muthu Swamy,DMK,DMK+,201,3,Muthu Swamy,,
Dharapuram,S,Tiruppur,7,Madhavan.K,PMK,PMK+,67163,1,Madhavan.K,,
Dharapuram,S,Tiruppur,7,Pitchai Muthu,NTK,NTK+,54625,2,Pitchai Muthu,,
Dharapuram,S,Tiruppur,7,Thiru Valluvan,MDMK,PWF+,46276,3,Thiru Valluvan,,
Dharapuram,S,Tiruppur,7,Ponnu Swamy.K,ADMK,ADMK+,35083,4,Ponnu Swamy.K,,
Dharapuram,S,Tiruppur,7,Kali Muthu,INC,DMK+,31218,5,Kali Muthu,,
Kangayam,N,Tiruppur,7,Thani Arasu.U,KIP,ADMK+,31168,1,Thani Arasu.U,,
Kangayam,N,Tiruppur,7,Karuppu Swamy.P,PMK,PMK+,28231,2,Karuppu Swamy.P,,
Kangayam,N,Tiruppur,7,Usha Devi,BJP,BJP+,27475,3,Usha Devi,,
Kangayam,N,Tiruppur,7,Gopi,DMK,DMK+,18181,4,Gopi,,
Kangayam,N,Tiruppur,7,Muthu Venkateshwaran,DMDK,PWF+,6593,5,Muthu Venkateshwaran,,
Andhiyur,N,Tiruppur,7,Raja Sambath,DMDK,PWF+,57095,1,Raja Sambath,,
Andhiyur,N,Tiruppur,7,Gopal.S.C.R,PMK,PMK+,52769,2,Gopal.S.C.R,,
Andhiyur,N,Tiruppur,7,Venkatachalam,DMK,DMK+,24029,3,Venkatachalam,,
Andhiyur,N,Tiruppur,7,Raja @ Raja Krishnan.E.M.R,ADMK,ADMK+,2486,4,Raja @ Raja Krishnan.E.M.R,,
Andhiyur,N,Tiruppur,7,Mohan Kumar.P.G,BJP,BJP+,1960,5,Mohan Kumar.P.G,,
Gobichettipalayam,N,Tiruppur,7,Gowrisan,NTK,NTK+,55866,1,Gowrisan,,
Gobichettipalayam,N,Tiruppur,7,Saravanan,INC,DMK+,43326,2,Saravanan,,
Gobichettipalayam,N,Tiruppur,7,Munu Swamy.A.M,CPI,PWF+,38661,3,Munu Swamy.A.M,,
Gobichettipalayam,N,Tiruppur,7,Guppu Swamy.P,PMK,PMK+,23313,4,Guppu Swamy.P,,
Gobichettipalayam,N,Tiruppur,7,Chenkottayan.K.A,ADMK,ADMK+,13854,5,Chenkottayan.K.A,,
Avanashi,S,Tiruppur,7,Aananthan,DMK,DMK+,62054,1,Aananthan,,
Avanashi,S,Tiruppur,7,Perumal.C,BJP,BJP+,37179,2,Perumal.C,,
Avanashi,S,Tiruppur,7,Sumathi,NTK,NTK+,28974,3,Sumathi,,
Avanashi,S,Tiruppur,7,Mari Muthu.K.K,PMK,PMK+,25443,4,Mari Muthu.K.K,,
Avanashi,S,Tiruppur,7,Dhanabal.P,ADMK,ADMK+,9556,5,Dhanabal.P,,
Tiruppur (North),N,Tiruppur,7,Swamy Nathan,DMK,DMK+,69092,1,Swamy Nathan,,
Tiruppur (North),N,Tiruppur,7,Siva Kumar.P,NTK,NTK+,36773,2,Siva Kumar.P,,
Tiruppur (North),N,Tiruppur,7,Subramanian.,PMK,PMK+,35199,3,Subramanian.,,
Tiruppur (North),N,Tiruppur,7,Subramanian.Ravi.N,CPM,PWF+,28816,4,Subramanian.Ravi.N,,
Tiruppur (North),N,Tiruppur,7,Chinna Swamy,BJP,BJP+,23573,5,Chinna Swamy,,
Tiruppur (North),N,Tiruppur,7,Vijaya Kumar.K.N,ADMK,ADMK+,9511,6,Vijaya Kumar.K.N,,
Tiruppur (South),N,Tiruppur,7,Guna Sekaran.S,ADMK,ADMK+,65161,1,Guna Sekaran.S,,
Tiruppur (South),N,Tiruppur,7,Point Mani,BJP,BJP+,31856,2,Point Mani,,
Tiruppur (South),N,Tiruppur,7,Selvaraj,DMK,DMK+,24629,3,Selvaraj,,
Tiruppur (South),N,Tiruppur,7,Manzoor.T.S,PMK,PMK+,952,4,Manzoor.T.S,,
Palladam,N,Tiruppur,7,Karai Puthur A.Natarajan,ADMK,ADMK+,67987,1,Karai Puthur A.Natarajan,,
Palladam,N,Tiruppur,7,Muthu Rathinam,MDMK,PWF+,62088,2,Muthu Rathinam,,
Palladam,N,Tiruppur,7,Vadivelu.C,PMK,PMK+,58921,3,Vadivelu.C,,
Palladam,N,Tiruppur,7,Vanmathi Velu Swamy,NTK,NTK+,25260,4,Vanmathi Velu Swamy,,
Palladam,N,Tiruppur,7,Krishna Moorthy,DMK,DMK+,14256,5,Krishna Moorthy,,
Kavundampalayam,N,Coimbatore,7,Rama Moorthy.V,CPI,PWF+,69143,1,Rama Moorthy.V,,
Kavundampalayam,N,Coimbatore,7,Nandha Kumar.R,BJP,BJP+,58865,2,Nandha Kumar.R,,
Kavundampalayam,N,Coimbatore,7,Aarukkutti.V.C,ADMK,ADMK+,35787,3,Aarukkutti.V.C,,
Kavundampalayam,N,Coimbatore,7,Ponn Gowsalya,NTK,NTK+,29546,4,Ponn Gowsalya,,
Kavundampalayam,N,Coimbatore,7,Paiya Gownder,DMK,DMK+,18624,5,Paiya Gownder,,
Coimbatore North,N,Coimbatore,7,Meena Logu,DMK,DMK+,64906,1,Meena Logu,,
Coimbatore North,N,Coimbatore,7,Arun Kumar.P.R.G,ADMK,ADMK+,58366,2,Arun Kumar.P.R.G,,
Coimbatore North,N,Coimbatore,7,Balendhran,NTK,NTK+,27630,3,Balendhran,,
Coimbatore North,N,Coimbatore,7,Kannan @ Devaraj.S,BJP,BJP+,5071,4,Kannan @ Devaraj.S,,
Coimbatore North,N,Coimbatore,7,Dr.Kamaraj Natesan.C,PMK,PMK+,20,5,Dr.Kamaraj Natesan.C,,
Thondamuthur,N,Coimbatore,7,Syed,MMK,DMK+,58168,1,Syed,,
Thondamuthur,N,Coimbatore,7,Aanantha Raj,NTK,NTK+,21765,2,Aanantha Raj,,
Thondamuthur,N,Coimbatore,7,Velu Mani.S.P,ADMK,ADMK+,11284,3,Velu Mani.S.P,,
Singanallur,N,Coimbatore,7,Amman K.Archunan,ADMK,ADMK+,68028,1,Amman K.Archunan,,
Singanallur,N,Coimbatore,7,Penjamin,NTK,NTK+,62044,2,Penjamin,,
Singanallur,N,Coimbatore,7,Palani Swamy.K.I,PMK,PMK+,57886,3,Palani Swamy.K.I,,
Singanallur,N,Coimbatore,7,Vanitha Seenivasan,BJP,BJP+,45131,4,Vanitha Seenivasan,,
Singanallur,N,Coimbatore,7,Mayura.S.Sivakumar,INC,DMK+,39745,5,Mayura.S.Sivakumar,,
Singanallur,N,Coimbatore,7,Padmanabhan.C.,CPI,PWF+,7618,6,Padmanabhan.C.,,
Pollachi,N,Coimbatore,7,Kannappan.V.K,PMK,PMK+,62433,1,Kannappan.V.K,,
Pollachi,N,Coimbatore,7,Sivakumar,BJP,BJP+,59808,2,Sivakumar,,
Pollachi,N,Coimbatore,7,Tamil Mani,DMK,DMK+,39883,3,Tamil Mani,,
Pollachi,N,Coimbatore,7,Uma Maheshwari,NTK,NTK+,32880,4,Uma Maheshwari,,
Pollachi,N,Coimbatore,7,Jaya Raman Pollachi.V,ADMK,ADMK+,28362,5,Jaya Raman Pollachi.V,,
Pollachi,N,Coimbatore,7,Muthu Kumar,DMDK,PWF+,22757,6,Muthu Kumar,,
Valparai,S,Coimbatore,7,Sarala,NTK,NTK+,64844,1,Sarala,,
Valparai,S,Coimbatore,7,Paul Pandi,DMK,DMK+,47384,2,Paul Pandi,,
Valparai,S,Coimbatore,7,Kasthuri Vasu,ADMK,ADMK+,24899,3,Kasthuri Vasu,,
Valparai,S,Coimbatore,7,Murugeshan.P,BJP,BJP+,23988,4,Murugeshan.P,,
Valparai,S,Coimbatore,7,Mani Bharathy.P,CPM,PWF+,2189,5,Mani Bharathy.P,,
Udumalpet,N,Tiruppur,7,Muthu,DMK,DMK+,54788,1,Muthu,,
Udumalpet,N,Tiruppur,7,Siva Kumar,NTK,NTK+,25736,2,Siva Kumar,,
Udumalpet,N,Tiruppur,7,Udumal Pet K.Radha Krishnan,ADMK,ADMK+,24558,3,Udumal Pet K.Radha Krishnan,,
Udumalpet,N,Tiruppur,7,Kantha Swamy.U.K.P.N.,BJP,BJP+,20921,4,Kantha Swamy.U.K.P.N.,,
Udumalpet,N,Tiruppur,7,Durai Swamy.P..,PMK,PMK+,2146,5,Durai Swamy.P..,,
Madathukulam,N,Tiruppur,7,Ravichandran.A,PMK,PMK+,65495,1,Ravichandran.A,,
Madathukulam,N,Tiruppur,7,Muthu Kumar,IMKMK,BJP+,65185,2,Muthu Kumar,,
Madathukulam,N,Tiruppur,7,Jaya Rama Krishnan,DMK,DMK+,44794,3,Jaya Rama Krishnan,,
Madathukulam,N,Tiruppur,7,Ravi Shankar,NTK,NTK+,28007,4,Ravi Shankar,,
Madathukulam,N,Tiruppur,7,Manoharan.K,ADMK,ADMK+,13521,5,Manoharan.K,,
Madathukulam,N,Tiruppur,7,Maheshwari.,TMC,PWF+,2006,6,Maheshwari.,,
Sulur,N,Coimbatore,7,Mohan Manthra Chalam,BJP,BJP+,64884,1,Mohan Manthra Chalam,,
Sulur,N,Coimbatore,7,Manoharan.V.M.C,INC,DMK+,16845,2,Manoharan.V.M.C,,
Coimbatore South,N,Coimbatore,7,Arjun Raj,MDMK,PWF+,65019,1,Arjun Raj,,
Coimbatore South,N,Coimbatore,7,Ashok Sri Nithi,PMK,PMK+,53065,2,Ashok Sri Nithi,,
Coimbatore South,N,Coimbatore,7,Nandha Kumar.C.R,BJP,BJP+,40788,3,Nandha Kumar.C.R,,
Coimbatore South,N,Coimbatore,7,Kalyana Sundaram,NTK,NTK+,35071,4,Kalyana Sundaram,,
Coimbatore South,N,Coimbatore,7,Karthik,DMK,DMK+,29328,5,Karthik,,
Kinathukkadavu,N,Coimbatore,7,Kurunji Prabhakar,DMK,DMK+,65043,1,Kurunji Prabhakar,,
Kinathukkadavu,N,Coimbatore,7,Selva Kumar,NTK,NTK+,59944,2,Selva Kumar,,
Kinathukkadavu,N,Coimbatore,7,Easwaran,MDMK,PWF+,34881,3,Easwaran,,
Kinathukkadavu,N,Coimbatore,7,Chinna Swamy.R,PMK,PMK+,25500,4,Chinna Swamy.R,,
Bargur,N,Krishnagiri,8,Rajendran.Vee.C,ADMK,ADMK+,62832,1,Rajendran.Vee.C,,
Bargur,N,Krishnagiri,8,Govindharajan,DMK,DMK+,32113,2,Govindharajan,,
Bargur,N,Krishnagiri,8,Mani Vannan,IMKMK,BJP+,29771,3,Mani Vannan,,
Bargur,N,Krishnagiri,8,Easwaran,NTK,NTK+,29721,4,Easwaran,,
Bargur,N,Krishnagiri,8,Kumar.A,PMK,PMK+,10383,5,Kumar.A,,
Bargur,N,Krishnagiri,8,Rajendran.M.R,TMC,PWF+,9713,6,Rajendran.M.R,,
Krishnagiri,N,Krishnagiri,8,Parthibhan Ponn,NTK,NTK+,54153,1,Parthibhan Ponn,,
Krishnagiri,N,Krishnagiri,8,Jaya Prakash.R,TMC,PWF+,48735,2,Jaya Prakash.R,,
Krishnagiri,N,Krishnagiri,8,Arun Gowtham,IJK,BJP+,40619,3,Arun Gowtham,,
Krishnagiri,N,Krishnagiri,8,Govindharaj.V,ADMK,ADMK+,37492,4,Govindharaj.V,,
Krishnagiri,N,Krishnagiri,8,Kumar.S,PMK,PMK+,31543,5,Kumar.S,,
Krishnagiri,N,Krishnagiri,8,Chenkuttuvan,DMK,DMK+,8003,6,Chenkuttuvan,,
Veppanahalli,N,Krishnagiri,8,Hem Nath,ADMK,ADMK+,59775,1,Hem Nath,,
Veppanahalli,N,Krishnagiri,8,Tamil Selvi Varadharaj,PMK,PMK+,49460,2,Tamil Selvi Varadharaj,,
Veppanahalli,N,Krishnagiri,8,Prema Nathan,BJP,BJP+,37821,3,Prema Nathan,,
Veppanahalli,N,Krishnagiri,8,Ilan Tamilan,NTK,NTK+,32884,4,Ilan Tamilan,,
Hosur,N,Krishnagiri,8,Muniraj.P,PMK,PMK+,62646,1,Muniraj.P,,
Hosur,N,Krishnagiri,8,Gopi Nath,INC,DMK+,60985,2,Gopi Nath,,
Hosur,N,Krishnagiri,8,Chandran,DMDK,PWF+,59749,3,Chandran,,
Hosur,N,Krishnagiri,8,Bala Krishnan.G,BJP,BJP+,26333,4,Bala Krishnan.G,,
Hosur,N,Krishnagiri,8,Bala Krishna Reddy.P,ADMK,ADMK+,6170,5,Bala Krishna Reddy.P,,
Hosur,N,Krishnagiri,8,Alex Esthar,NTK,NTK+,1898,6,Alex Esthar,,
Thalli,N,Krishnagiri,8,Prakash,DMK,DMK+,69002,1,Prakash,,
Thalli,N,Krishnagiri,8,Nagesh.C,ADMK,ADMK+,55563,2,Nagesh.C,,
Thalli,N,Krishnagiri,8,Tamil Selvan,NTK,NTK+,39573,3,Tamil Selvan,,
Thalli,N,Krishnagiri,8,Arun Raj,PMK,PMK+,28212,4,Arun Raj,,
Thalli,N,Krishnagiri,8,Ramachandran.T,CPM,PWF+,27022,5,Ramachandran.T,,
Thalli,N,Krishnagiri,8,Rama Chandran.B,BJP,BJP+,17184,6,Rama Chandran.B,,
Uthangarai,S,Krishnagiri,8,Anguthi.N,PMK,PMK+,63098,1,Anguthi.N,,
Uthangarai,S,Krishnagiri,8,Venkateshan,NTK,NTK+,32466,2,Venkateshan,,
Uthangarai,S,Krishnagiri,8,Pandu.S.A,BJP,BJP+,29387,3,Pandu.S.A,,
Uthangarai,S,Krishnagiri,8,Krishnan.C @ Kani Amuthan,VC,PWF+,24035,4,Krishnan.C @ Kani Amuthan,,
Uthangarai,S,Krishnagiri,8,Malathy Narayanan Swamy,DMK,DMK+,2411,5,Malathy Narayanan Swamy,,
Aravakurichi,N,Karur,9,Prabhu,IJK,BJP+,48682,1,Prabhu,,
Aravakurichi,N,Karur,9,Kalai Arasu,MDMK,PWF+,48515,2,Kalai Arasu,,
Aravakurichi,N,Karur,9,Baskaran.M,PMK,PMK+,45060,3,Baskaran.M,,
Aravakurichi,N,Karur,9,Tamilan Aravind,NTK,NTK+,39569,4,Tamilan Aravind,,
Aravakurichi,N,Karur,9,Palani Swamy.K.C,DMK,DMK+,17503,5,Palani Swamy.K.C,,
Aravakurichi,N,Karur,9,Senthil Balaji.V,ADMK,ADMK+,15177,6,Senthil Balaji.V,,
Karur,N,Karur,9,Vijaya Baskar.M.R,ADMK,ADMK+,62813,1,Vijaya Baskar.M.R,,
Karur,N,Karur,9,Nan Maran,NTK,NTK+,52585,2,Nan Maran,,
Karur,N,Karur,9,Ravi,DMDK,PWF+,36290,3,Ravi,,
Karur,N,Karur,9,Subramaniam,INC,DMK+,33920,4,Subramaniam,,
Karur,N,Karur,9,Siva Swamy.K.,BJP,BJP+,8383,5,Siva Swamy.K.,,
Karur,N,Karur,9,Murugeshan.M,PMK,PMK+,4919,6,Murugeshan.M,,
Krishnarajapuram,S,Karur,9,Thava Mani Padma Nabhan,NTK,NTK+,66937,1,Thava Mani Padma Nabhan,,
Krishnarajapuram,S,Karur,9,Geetha.M,ADMK,ADMK+,35885,2,Geetha.M,,
Krishnarajapuram,S,Karur,9,Pandiyan.M,PMK,PMK+,35220,3,Pandiyan.M,,
Krishnarajapuram,S,Karur,9,Naveen Kumar.P,BJP,BJP+,22737,4,Naveen Kumar.P,,
Krishnarajapuram,S,Karur,9,Shivanantham,TMC,PWF+,3496,5,Shivanantham,,
Krishnarajapuram,S,Karur,9,Iyer.V.K.,PT,DMK+,2280,6,Iyer.V.K.,,
Kulithalai,N,Karur,9,Jamuna,DMDK,PWF+,64824,1,Jamuna,,
Kulithalai,N,Karur,9,Sathakkathulla.N.K.N,AIMMK,BJP+,60796,2,Sathakkathulla.N.K.N,,
Kulithalai,N,Karur,9,Chandra Sekaran.R,ADMK,ADMK+,40693,3,Chandra Sekaran.R,,
Kulithalai,N,Karur,9,Ramar,DMK,DMK+,29043,4,Ramar,,
Kulithalai,N,Karur,9,Seeni Prakash,NTK,NTK+,22157,5,Seeni Prakash,,
Kulithalai,N,Karur,9,Bala Subramanian.C,PMK,PMK+,9049,6,Bala Subramanian.C,,
Manapparai,N,Tiruchirappalli,9,Leema Siva Kumar.A,PMK,PMK+,66649,1,Leema Siva Kumar.A,,
Manapparai,N,Tiruchirappalli,9,Krishna Gopal,DMDK,PWF+,56774,2,Krishna Gopal,,
Manapparai,N,Tiruchirappalli,9,Mohmed Nizam,IUML,DMK+,54487,3,Mohmed Nizam,,
Manapparai,N,Tiruchirappalli,9,Chandra Sekar.R,ADMK,ADMK+,40600,4,Chandra Sekar.R,,
Manapparai,N,Tiruchirappalli,9,Aruna Giri,NTK,NTK+,31136,5,Aruna Giri,,
Manapparai,N,Tiruchirappalli,9,Senthil Deepak,BJP,BJP+,13067,6,Senthil Deepak,,
Srirangam,N,Tiruchirappalli,9,Valar Mathi.S,ADMK,ADMK+,68149,1,Valar Mathi.S,,
Srirangam,N,Tiruchirappalli,9,Kamal,NTK,NTK+,46691,2,Kamal,,
Srirangam,N,Tiruchirappalli,9,Palani Andi,DMK,DMK+,30110,3,Palani Andi,,
Srirangam,N,Tiruchirappalli,9,Uma Maheshwari.S,PMK,PMK+,29635,4,Uma Maheshwari.S,,
Srirangam,N,Tiruchirappalli,9,Rajesh Kumar.A,BJP,BJP+,19614,5,Rajesh Kumar.A,,
Srirangam,N,Tiruchirappalli,9,Pushpam Vaithyanathan,CPM,PWF+,18086,6,Pushpam Vaithyanathan,,
Tiruchirappalli (West),N,Tiruchirappalli,9,Satheesh Kumar,IJK,BJP+,69825,1,Satheesh Kumar,,
Tiruchirappalli (West),N,Tiruchirappalli,9,Manoharan.R,ADMK,ADMK+,60110,2,Manoharan.R,,
Tiruchirappalli (West),N,Tiruchirappalli,9,Joseph Gerald,DMDK,PWF+,51990,3,Joseph Gerald,,
Tiruchirappalli (West),N,Tiruchirappalli,9,Nehru.K.N,DMK,DMK+,37501,4,Nehru.K.N,,
Tiruchirappalli (West),N,Tiruchirappalli,9,Uma Nath.K,PMK,PMK+,25700,5,Uma Nath.K,,
Tiruchirappalli (West),N,Tiruchirappalli,9,Sethu Manoharan,NTK,NTK+,3864,6,Sethu Manoharan,,
Tiruchirappalli (East),N,Tiruchirappalli,9,Vellamandi Natarajan,ADMK,ADMK+,65252,1,Vellamandi Natarajan,,
Tiruchirappalli (East),N,Tiruchirappalli,9,Rajaiyyan.T.,BJP,BJP+,64665,2,Rajaiyyan.T.,,
Tiruchirappalli (East),N,Tiruchirappalli,9,Sridhar.P,PMK,PMK+,48318,3,Sridhar.P,,
Tiruchirappalli (East),N,Tiruchirappalli,9,Jarome Aarokya Raj,INC,DMK+,25894,4,Jarome Aarokya Raj,,
Tiruchirappalli (East),N,Tiruchirappalli,9,Prabhu,NTK,NTK+,23197,5,Prabhu,,
Tiruchirappalli (East),N,Tiruchirappalli,9,Rehaiya Shek Mohmed,MDMK,PWF+,2893,6,Rehaiya Shek Mohmed,,
Thiruverumbur,N,Tiruchirappalli,9,Chitti Babu,BJP,BJP+,63164,1,Chitti Babu,,
Thiruverumbur,N,Tiruchirappalli,9,Anbil Mahesh Poyya Mozhi,DMK,DMK+,62344,2,Anbil Mahesh Poyya Mozhi,,
Thiruverumbur,N,Tiruchirappalli,9,Kalai Selvan.D,ADMK,ADMK+,49054,3,Kalai Selvan.D,,
Thiruverumbur,N,Tiruchirappalli,9,Chola Suran,NTK,NTK+,33002,4,Chola Suran,,
Thiruverumbur,N,Tiruchirappalli,9,Dleep Kumar.P.K,PMK,PMK+,10690,5,Dleep Kumar.P.K,,
Thiruverumbur,N,Tiruchirappalli,9,Senthil Kumar,DMDK,PWF+,832,6,Senthil Kumar,,
Lalgudi,N,Tiruchirappalli,9,Sambath,NTK,NTK+,64754,1,Sambath,,
Lalgudi,N,Tiruchirappalli,9,Selva Kumar,IJK,BJP+,52509,2,Selva Kumar,,
Lalgudi,N,Tiruchirappalli,9,Vijaya Moorthy.M,ADMK,ADMK+,39042,3,Vijaya Moorthy.M,,
Lalgudi,N,Tiruchirappalli,9,Soundara Pandiyan,DMK,DMK+,30325,4,Soundara Pandiyan,,
Lalgudi,N,Tiruchirappalli,9,Jaya Sheelan.M,CPI,PWF+,28760,5,Jaya Sheelan.M,,
Lalgudi,N,Tiruchirappalli,9,Uma Maheshwaran.R,PMK,PMK+,11949,6,Uma Maheshwaran.R,,
Musiri,N,Tiruchirappalli,9,Raya Durai,IJK,BJP+,52479,1,Raya Durai,,
Musiri,N,Tiruchirappalli,9,Aasai Thambi,NTK,NTK+,49469,2,Aasai Thambi,,
Musiri,N,Tiruchirappalli,9,Rajasekaran,TMC,PWF+,37479,3,Rajasekaran,,
Musiri,N,Tiruchirappalli,9,Vijaya Babu,INC,DMK+,21361,4,Vijaya Babu,,
Musiri,N,Tiruchirappalli,9,Selva Rasu.M,ADMK,ADMK+,17005,5,Selva Rasu.M,,
Musiri,N,Tiruchirappalli,9,Manoharan.P,PMK,PMK+,12961,6,Manoharan.P,,
Thuraiyur,S,Tiruchirappalli,9,Aathi Mozhi,VC,PWF+,61638,1,Aathi Mozhi,,
Thuraiyur,S,Tiruchirappalli,9,Mai Vizhi.A,ADMK,ADMK+,60140,2,Mai Vizhi.A,,
Thuraiyur,S,Tiruchirappalli,9,Stalin Kumar,DMK,DMK+,29570,3,Stalin Kumar,,
Thuraiyur,S,Tiruchirappalli,9,Aananthan,IJK,BJP+,26783,4,Aananthan,,
Thuraiyur,S,Tiruchirappalli,9,Sathya,NTK,NTK+,23237,5,Sathya,,
Manachanallur,N,Tiruchirappalli,9,Babu,DMDK,PWF+,68847,1,Babu,,
Manachanallur,N,Tiruchirappalli,9,Mani,NTK,NTK+,62304,2,Mani,,
Manachanallur,N,Tiruchirappalli,9,Sethu Aravind.S,BJP,BJP+,17214,3,Sethu Aravind.S,,
Manachanallur,N,Tiruchirappalli,9,Prince.M,PMK,PMK+,4992,4,Prince.M,,
Rajapalayam,N,Virudhunagar,10,Lakshmanan.P,PMK,PMK+,63337,1,Lakshmanan.P,,
Rajapalayam,N,Virudhunagar,10,Shyam.A.S.S,ADMK,ADMK+,51675,2,Shyam.A.S.S,,
Rajapalayam,N,Virudhunagar,10,Jaya Raj,NTK,NTK+,42665,3,Jaya Raj,,
Rajapalayam,N,Virudhunagar,10,Rama Chandra Raja,BJP,BJP+,10372,4,Rama Chandra Raja,,
Rajapalayam,N,Virudhunagar,10,Guru Swamy.A,CPI,PWF+,3110,5,Guru Swamy.A,,
Srivilliputhur,S,Virudhunagar,10,Vellai Swamy.V,PMK,PMK+,69710,1,Vellai Swamy.V,,
Srivilliputhur,S,Virudhunagar,10,Muthu Kumar,PT,DMK+,49161,2,Muthu Kumar,,
Srivilliputhur,S,Virudhunagar,10,Chandra Prabha.M,ADMK,ADMK+,22868,3,Chandra Prabha.M,,
Srivilliputhur,S,Virudhunagar,10,Rama Swamy,BJP,BJP+,15811,4,Rama Swamy,,
Srivilliputhur,S,Virudhunagar,10,Kalyana Sundaram,NTK,NTK+,4864,5,Kalyana Sundaram,,
Sattur,N,Virudhunagar,10,Nachiyar,NTK,NTK+,58261,1,Nachiyar,,
Sattur,N,Virudhunagar,10,Rahu Raman,MDMK,PWF+,56350,2,Rahu Raman,,
Sattur,N,Virudhunagar,10,Bala Krishnan.M,PMK,PMK+,50992,3,Bala Krishnan.M,,
Sattur,N,Virudhunagar,10,Gnana Pandithan.P,BJP,BJP+,49521,4,Gnana Pandithan.P,,
Sattur,N,Virudhunagar,10,Srinivasan,DMK,DMK+,34367,5,Srinivasan,,
Sattur,N,Virudhunagar,10,Ethir Kottai S.Subramanian,ADMK,ADMK+,25482,6,Ethir Kottai S.Subramanian,,
Sivakasi,N,Virudhunagar,10,Partha Sarathy.G,BJP,BJP+,57644,1,Partha Sarathy.G,,
Sivakasi,N,Virudhunagar,10,Raja Chokkar,INC,DMK+,56196,2,Raja Chokkar,,
Sivakasi,N,Virudhunagar,10,Rajendra Balaji.K.T,ADMK,ADMK+,35226,3,Rajendra Balaji.K.T,,
Sivakasi,N,Virudhunagar,10,Babu,NTK,NTK+,33207,4,Babu,,
Virudhunagar,N,Virudhunagar,10,Syed Kasha Sherif,DMDK,PWF+,43964,1,Syed Kasha Sherif,,
Virudhunagar,N,Virudhunagar,10,Kamatchi.C,BJP,BJP+,40292,2,Kamatchi.C,,
Virudhunagar,N,Virudhunagar,10,Akilan,NTK,NTK+,30766,3,Akilan,,
Virudhunagar,N,Virudhunagar,10,Srinivasan,DMK,DMK+,16044,4,Srinivasan,,
Virudhunagar,N,Virudhunagar,10,Kala Nidhi.K,ADMK,ADMK+,14653,5,Kala Nidhi.K,,
Tiruchuli,N,Virudhunagar,10,Bala Ravi Rajan,BJP,BJP+,69037,1,Bala Ravi Rajan,,
Tiruchuli,N,Virudhunagar,10,Raju,DMDK,PWF+,65551,2,Raju,,
Tiruchuli,N,Virudhunagar,10,Dinesh Babu.K,ADMK,ADMK+,58015,3,Dinesh Babu.K,,
Tiruchuli,N,Virudhunagar,10,Munia Swamy.R,PMK,PMK+,22046,4,Munia Swamy.R,,
Tiruchuli,N,Virudhunagar,10,Palani Swamy,NTK,NTK+,21908,5,Palani Swamy,,
Vilathikulam,N,Thoothukkudi,10,Kathir Vel.P,TMC,PWF+,68274,1,Kathir Vel.P,,
Vilathikulam,N,Thoothukkudi,10,Seenivasa Ramanujam.K,PMK,PMK+,51526,2,Seenivasa Ramanujam.K,,
Vilathikulam,N,Thoothukkudi,10,Uma Maheshwari.K,ADMK,ADMK+,16714,3,Uma Maheshwari.K,,
Vilathikulam,N,Thoothukkudi,10,Beema Raj,DMK,DMK+,10571,4,Beema Raj,,
Vilathikulam,N,Thoothukkudi,10,Rama Moorthy.P,BJP,BJP+,4471,5,Rama Moorthy.P,,
Thoothukkudi,N,Thoothukkudi,10,Chinna Durai,PMK,PMK+,58857,1,Chinna Durai,,
Thoothukkudi,N,Thoothukkudi,10,Geetha Jeevan,DMK,DMK+,54073,2,Geetha Jeevan,,
Thoothukkudi,N,Thoothukkudi,10,Fatima Babu,MDMK,PWF+,50401,3,Fatima Babu,,
Thoothukkudi,N,Thoothukkudi,10,Judikema Bakiya Raj,NTK,NTK+,26479,4,Judikema Bakiya Raj,,
Thoothukkudi,N,Thoothukkudi,10,Chella Pandiyan.C.T,ADMK,ADMK+,16665,5,Chella Pandiyan.C.T,,
Tiruchendur,N,Thoothukkudi,10,Sarath Kumar.R,SMK,ADMK+,42520,1,Sarath Kumar.R,,
Tiruchendur,N,Thoothukkudi,10,Kumara Kurubara Aathithan,PMK,PMK+,38028,2,Kumara Kurubara Aathithan,,
Tiruchendur,N,Thoothukkudi,10,Anitha Radha Krishnan,DMK,DMK+,26236,3,Anitha Radha Krishnan,,
Tiruchendur,N,Thoothukkudi,10,Senthil Kumar,DMDK,PWF+,15105,4,Senthil Kumar,,
Tiruchendur,N,Thoothukkudi,10,Jaya Raman,BJP,BJP+,7489,5,Jaya Raman,,
Tiruchendur,N,Thoothukkudi,10,Shoban Arul Vazhavan.A,NTK,NTK+,1545,6,Shoban Arul Vazhavan.A,,
Ottapidaram,S,Thoothukkudi,10,Krishna Swamy,PT,DMK+,40698,1,Krishna Swamy,,
Ottapidaram,S,Thoothukkudi,10,Sundara Raj.R,ADMK,ADMK+,30840,2,Sundara Raj.R,,
Ottapidaram,S,Thoothukkudi,10,Muthu Krishnan,NTK,NTK+,20059,3,Muthu Krishnan,,
Ottapidaram,S,Thoothukkudi,10,Chandhana Kumar.A,BJP,BJP+,8499,4,Chandhana Kumar.A,,
Kovilpatti,N,Thoothukkudi,10,Ramachandran.G,PMK,PMK+,69445,1,Ramachandran.G,,
Kovilpatti,N,Thoothukkudi,10,Ramesh,MDMK,PWF+,39423,2,Ramesh,,
Kovilpatti,N,Thoothukkudi,10,Subramanaian,DMK,DMK+,27143,3,Subramanaian,,
Kovilpatti,N,Thoothukkudi,10,Kadambur Raju,ADMK,ADMK+,13110,4,Kadambur Raju,,
Kovilpatti,N,Thoothukkudi,10,Arun Kumar,NTK,NTK+,7480,5,Arun Kumar,,
Kovilpatti,N,Thoothukkudi,10,Subhu Raj,IJK,BJP+,2962,6,Subhu Raj,,
Sankarankovil,S,Tirunelveli,10,Sathin Thirumalai Kumar,MDMK,PWF+,48347,1,Sathin Thirumalai Kumar,,
Sankarankovil,S,Tirunelveli,10,Suresh Kumar.S,PMK,PMK+,34706,2,Suresh Kumar.S,,
Sankarankovil,S,Tirunelveli,10,Anbhumani Gneshan,DMK,DMK+,32962,3,Anbhumani Gneshan,,
Sankarankovil,S,Tirunelveli,10,Raja Lakshmi.V.M,ADMK,ADMK+,25176,4,Raja Lakshmi.V.M,,
Sankarankovil,S,Tirunelveli,10,Amutha,NTK,NTK+,22973,5,Amutha,,
Sankarankovil,S,Tirunelveli,10,Gunasekaran,IMKMK,BJP+,18856,6,Gunasekaran,,
Vasudevanallur,S,Tirunelveli,10,Raj Kumar,BJP,BJP+,58589,1,Raj Kumar,,
Vasudevanallur,S,Tirunelveli,10,Samuthra Kani,CPM,PWF+,56299,2,Samuthra Kani,,
Vasudevanallur,S,Tirunelveli,10,Palani Swamy,NTK,NTK+,47690,3,Palani Swamy,,
Vasudevanallur,S,Tirunelveli,10,Manoharan.A,ADMK,ADMK+,6262,4,Manoharan.A,,
Vasudevanallur,S,Tirunelveli,10,Kasi Pandiyan.K,PMK,PMK+,377,5,Kasi Pandiyan.K,,
Kadayanallur,N,Tirunelveli,10,Thirumalai Kumara Swamy,PMK,PMK+,69846,1,Thirumalai Kumara Swamy,,
Kadayanallur,N,Tirunelveli,10,Kothai Mariappan,DMDK,PWF+,68343,2,Kothai Mariappan,,
Kadayanallur,N,Tirunelveli,10,Pasum Ponn,NTK,NTK+,24047,3,Pasum Ponn,,
Kadayanallur,N,Tirunelveli,10,Mohmed Abu Bakker,IUML,DMK+,11914,4,Mohmed Abu Bakker,,
Kadayanallur,N,Tirunelveli,10,Shek Dawood,TMML,ADMK+,11240,5,Shek Dawood,,
Kadayanallur,N,Tirunelveli,10,Kathir Vel,BJP,BJP+,11029,6,Kathir Vel,,
Tenkasi,N,Tirunelveli,10,Palani Nadar,INC,DMK+,64437,1,Palani Nadar,,
Tenkasi,N,Tirunelveli,10,Sita Raman.P,PMK,PMK+,56691,2,Sita Raman.P,,
Tenkasi,N,Tirunelveli,10,Charles.S.T.S,TMC,PWF+,52214,3,Charles.S.T.S,,
Tenkasi,N,Tirunelveli,10,Selvi.B,BJP,BJP+,48003,4,Selvi.B,,
Tenkasi,N,Tirunelveli,10,Muthu Kumar,NTK,NTK+,8707,5,Muthu Kumar,,
Tenkasi,N,Tirunelveli,10,Selva Mohan Das Pandiyan.C,ADMK,ADMK+,5558,6,Selva Mohan Das Pandiyan.C,,
Alangulam,N,Tirunelveli,10,Karthikeyan F.C,ADMK,ADMK+,69769,1,Karthikeyan F.C,,
Alangulam,N,Tirunelveli,10,Anbhu Raj.S.V,BJP,BJP+,56877,2,Anbhu Raj.S.V,,
Alangulam,N,Tirunelveli,10,Bhoongothai,DMK,DMK+,25400,3,Bhoongothai,,
Alangulam,N,Tirunelveli,10,Vasanthi,NTK,NTK+,20122,4,Vasanthi,,
Alangulam,N,Tirunelveli,10,Gunasekaran.P,PMK,PMK+,8420,5,Gunasekaran.P,,
Alangulam,N,Tirunelveli,10,Rajendra Nathan,DMDK,PWF+,2424,6,Rajendra Nathan,,
Tirunelveli,N,Tirunelveli,10,Viyanarasu,NTK,NTK+,64699,1,Viyanarasu,,
Tirunelveli,N,Tirunelveli,10,Nayinar Nagendran,ADMK,ADMK+,59251,2,Nayinar Nagendran,,
Tirunelveli,N,Tirunelveli,10,Mada Swamy,DMDK,PWF+,43046,3,Mada Swamy,,
Tirunelveli,N,Tirunelveli,10,Maha Rajan.A,BJP,BJP+,26721,4,Maha Rajan.A,,
Tirunelveli,N,Tirunelveli,10,Lakshmanan,DMK,DMK+,17297,5,Lakshmanan,,
Palayamkottai,N,Tirunelveli,10,Pattan,NTK,NTK+,68887,1,Pattan,,
Palayamkottai,N,Tirunelveli,10,Maidheen Khan,DMK,DMK+,68586,2,Maidheen Khan,,
Palayamkottai,N,Tirunelveli,10,Nizam,MDMK,PWF+,68431,3,Nizam,,
Palayamkottai,N,Tirunelveli,10,Nirmal Singh,IMKMK,BJP+,18209,4,Nirmal Singh,,
Palayamkottai,N,Tirunelveli,10,Hyder Ali,ADMK,ADMK+,8987,5,Hyder Ali,,
Palayamkottai,N,Tirunelveli,10,Nisthar Ali.S,PMK,PMK+,3558,6,Nisthar Ali.S,,
Nanguneri,N,Tirunelveli,10,Vasantha Kumar,INC,DMK+,53407,1,Vasantha Kumar,,
Nanguneri,N,Tirunelveli,10,Kar Vannan,NTK,NTK+,51407,2,Kar Vannan,,
Nanguneri,N,Tirunelveli,10,Jaya Balan,DMDK,PWF+,44493,3,Jaya Balan,,
Nanguneri,N,Tirunelveli,10,Vijaya Kumar.M,ADMK,ADMK+,30425,4,Vijaya Kumar.M,,
Nanguneri,N,Tirunelveli,10,Thirupathi.S,PMK,PMK+,26923,5,Thirupathi.S,,
Radhapuram,N,Tirunelveli,10,Lobin,NTK,NTK+,68224,1,Lobin,,
Radhapuram,N,Tirunelveli,10,Lawrance.G.T,ADMK,ADMK+,48980,2,Lawrance.G.T,,
Radhapuram,N,Tirunelveli,10,Sivananintha Perumal,DMDK,PWF+,21796,3,Sivananintha Perumal,,
Radhapuram,N,Tirunelveli,10,Kani Amutha,BJP,BJP+,19309,4,Kani Amutha,,
Radhapuram,N,Tirunelveli,10,Guru Nathan.S,PMK,PMK+,11624,5,Guru Nathan.S,,
Radhapuram,N,Tirunelveli,10,Appavu,DMK,DMK+,1586,6,Appavu,,
Aruppukkottai,N,Virudhunagar,10,Ramachandran.K.K.S.S.R,DMK,DMK+,58286,1,Ramachandran.K.K.S.S.R,,
Aruppukkottai,N,Virudhunagar,10,Aravindha Perumal.T,PMK,PMK+,53537,2,Aravindha Perumal.T,,
Aruppukkottai,N,Virudhunagar,10,Senthil Kumar.S,CPM,PWF+,42235,3,Senthil Kumar.S,,
Aruppukkottai,N,Virudhunagar,10,Vetri Vel.R,BJP,BJP+,31475,4,Vetri Vel.R,,
Aruppukkottai,N,Virudhunagar,10,Ravi Mariya,NTK,NTK+,20740,5,Ravi Mariya,,
Srivaikuntam,N,Thoothukkudi,10,Selva Raj,BJP,BJP+,38780,1,Selva Raj,,
Srivaikuntam,N,Thoothukkudi,10,Vijaya Seelan.S.T.R,TMC,PWF+,15417,2,Vijaya Seelan.S.T.R,,
Srivaikuntam,N,Thoothukkudi,10,Subhaiya Pandiyan,NTK,NTK+,15048,3,Subhaiya Pandiyan,,
Srivaikuntam,N,Thoothukkudi,10,Rani Venkatesan,INC,DMK+,6968,4,Rani Venkatesan,,
Ambasamudram,N,Tirunelveli,10,Aavudayappan,DMK,DMK+,51546,1,Aavudayappan,,
Ambasamudram,N,Tirunelveli,10,Thennarasu,NTK,NTK+,43845,2,Thennarasu,,
Ambasamudram,N,Tirunelveli,10,Sashi Kala Murugeshan,IMKMK,BJP+,12999,3,Sashi Kala Murugeshan,,
Ariyalur,N,Ariyalur,11,Jaya Vel,DMDK,PWF+,44336,1,Jaya Vel,,
Ariyalur,N,Ariyalur,11,Baskar,IJK,BJP+,34790,2,Baskar,,
Ariyalur,N,Ariyalur,11,Siva Shankar,DMK,DMK+,30077,3,Siva Shankar,,
Ariyalur,N,Ariyalur,11,Thirumavazhavan.K,PMK,PMK+,1833,4,Thirumavazhavan.K,,
Ariyalur,N,Ariyalur,11,Thamarai S.Rajendran,ADMK,ADMK+,1706,5,Thamarai S.Rajendran,,
Thiruvidaimarudur,S,Thanjavur,11,Madhaiyan.S.R,PMK,PMK+,69228,1,Madhaiyan.S.R,,
Thiruvidaimarudur,S,Thanjavur,11,Sulochana Devi,NTK,NTK+,35282,2,Sulochana Devi,,
Thiruvidaimarudur,S,Thanjavur,11,Shettu.U,ADMK,ADMK+,19875,3,Shettu.U,,
Thiruvidaimarudur,S,Thanjavur,11,Chezhiyan,DMK,DMK+,17791,4,Chezhiyan,,
Thiruvidaimarudur,S,Thanjavur,11,Vasudhevan.S,BJP,BJP+,17139,5,Vasudhevan.S,,
Kumbakonam,N,Thanjavur,11,Mani Senthil.M,NTK,NTK+,67312,1,Mani Senthil.M,,
Kumbakonam,N,Thanjavur,11,Annamalai.PL.,BJP,BJP+,46042,2,Annamalai.PL.,,
Kumbakonam,N,Thanjavur,11,Paramashivam,DMDK,PWF+,45189,3,Paramashivam,,
Kumbakonam,N,Thanjavur,11,Rathna,ADMK,ADMK+,44616,4,Rathna,,
Kumbakonam,N,Thanjavur,11,Venkata Raman.K.R,PMK,PMK+,17733,5,Venkata Raman.K.R,,
Papanasam,N,Thanjavur,11,Gunasekaran.T,BJP,BJP+,56603,1,Gunasekaran.T,,
Papanasam,N,Thanjavur,11,Humayoon,NTK,NTK+,56010,2,Humayoon,,
Papanasam,N,Thanjavur,11,Durai Kannu.R,ADMK,ADMK+,54987,3,Durai Kannu.R,,
Papanasam,N,Thanjavur,11,Jaya Kumar.S.T,TMC,PWF+,44326,4,Jaya Kumar.S.T,,
Papanasam,N,Thanjavur,11,Alaya Mani.K,PMK,PMK+,14601,5,Alaya Mani.K,,
Thiruvaiyaru,N,Thanjavur,11,Subramanaian.M.G.M,ADMK,ADMK+,60422,1,Subramanaian.M.G.M,,
Thiruvaiyaru,N,Thanjavur,11,Seviyar Raj,IJK,BJP+,41986,2,Seviyar Raj,,
Thiruvaiyaru,N,Thanjavur,11,Jeeva Kumar.V,CPI,PWF+,31680,3,Jeeva Kumar.V,,
Thiruvaiyaru,N,Thanjavur,11,Chandra Sekaran,DMK,DMK+,26212,4,Chandra Sekaran,,
Pattukkottai,N,Thanjavur,11,Senthil Kumar,DMDK,PWF+,51599,1,Senthil Kumar,,
Pattukkottai,N,Thanjavur,11,Geetha,NTK,NTK+,48477,2,Geetha,,
Pattukkottai,N,Thanjavur,11,Lakshmi Balu,PMK,PMK+,40971,3,Lakshmi Balu,,
Pattukkottai,N,Thanjavur,11,Sekar.C.V,ADMK,ADMK+,7898,4,Sekar.C.V,,
Pattukkottai,N,Thanjavur,11,Mahendran,INC,DMK+,4092,5,Mahendran,,
Peravurani,N,Thanjavur,11,Govindha Rajan.M,ADMK,ADMK+,67828,1,Govindha Rajan.M,,
Peravurani,N,Thanjavur,11,Kalai Venthan.K,PMK,PMK+,49790,2,Kalai Venthan.K,,
Peravurani,N,Thanjavur,11,Elango.R,BJP,BJP+,47160,3,Elango.R,,
Peravurani,N,Thanjavur,11,Ashok Kumar,DMK,DMK+,36600,4,Ashok Kumar,,
Peravurani,N,Thanjavur,11,Thamayanthi Thirugnanam,CPM,PWF+,30470,5,Thamayanthi Thirugnanam,,
Peravurani,N,Thanjavur,11,Diliban,NTK,NTK+,21140,6,Diliban,,
Viralimalai,N,Pudukkottai,11,Sridhar.KR,NTK,NTK+,59236,1,Sridhar.KR,,
Viralimalai,N,Pudukkottai,11,Kathikeyan,DMDK,PWF+,35790,2,Kathikeyan,,
Viralimalai,N,Pudukkottai,11,Palaniappan,DMK,DMK+,32866,3,Palaniappan,,
Viralimalai,N,Pudukkottai,11,Muthu Kumar,IJK,BJP+,16131,4,Muthu Kumar,,
Viralimalai,N,Pudukkottai,11,Dr.Vijaya Baskar.C,ADMK,ADMK+,5408,5,Dr.Vijaya Baskar.C,,
Pudukkottai,N,Pudukkottai,11,Kumar,IJK,BJP+,56871,1,Kumar,,
Pudukkottai,N,Pudukkottai,11,Arun Mozhi Selvan,NTK,NTK+,47501,2,Arun Mozhi Selvan,,
Pudukkottai,N,Pudukkottai,11,Jagheer Ushain,DMDK,PWF+,41446,3,Jagheer Ushain,,
Pudukkottai,N,Pudukkottai,11,Karthik Thondaiman.V.R,ADMK,ADMK+,34081,4,Karthik Thondaiman.V.R,,
Pudukkottai,N,Pudukkottai,11,Vellai Swamy.C,PMK,PMK+,15327,5,Vellai Swamy.C,,
Pudukkottai,N,Pudukkottai,11,Periyannan Arasu,DMK,DMK+,3322,6,Periyannan Arasu,,
Thirumaiyam,N,Pudukkottai,11,Vadamalai.B,BJP,BJP+,66726,1,Vadamalai.B,,
Thirumaiyam,N,Pudukkottai,11,Raghupathi,DMK,DMK+,42109,2,Raghupathi,,
Thirumaiyam,N,Pudukkottai,11,Suresh.A,PMK,PMK+,32791,3,Suresh.A,,
Thirumaiyam,N,Pudukkottai,11,Chidambaram.P.L.A,TMC,PWF+,13207,4,Chidambaram.P.L.A,,
Thirumaiyam,N,Pudukkottai,11,Vaira Muthu.P.K,ADMK,ADMK+,2670,5,Vaira Muthu.P.K,,
Alangudi,N,Pudukkottai,11,Tamil Selvi.M,NTK,NTK+,59306,1,Tamil Selvi.M,,
Alangudi,N,Pudukkottai,11,Saravanan,IJK,BJP+,35685,2,Saravanan,,
Alangudi,N,Pudukkottai,11,Gnana Kalai Selvan,ADMK,ADMK+,23262,3,Gnana Kalai Selvan,,
Alangudi,N,Pudukkottai,11,Chandrasekaran,MDMK,PWF+,18034,4,Chandrasekaran,,
Alangudi,N,Pudukkottai,11,Dr.Arul Mani.S.,PMK,PMK+,14269,5,Dr.Arul Mani.S.,,
Alangudi,N,Pudukkottai,11,Meyya Nathan.Siva,DMK,DMK+,2181,6,Meyya Nathan.Siva,,
Aranthangi,N,Pudukkottai,11,Sakeela Bhanu,NTK,NTK+,64953,1,Sakeela Bhanu,,
Aranthangi,N,Pudukkottai,11,Selvam.K,PMK,PMK+,44972,2,Selvam.K,,
Aranthangi,N,Pudukkottai,11,Rathna Sabapathi.E.A,ADMK,ADMK+,41618,3,Rathna Sabapathi.E.A,,
Aranthangi,N,Pudukkottai,11,Ramachandran.S.T,INC,DMK+,10467,4,Ramachandran.S.T,,
Jayankondam,N,Ariyalur,11,Kandaswamy,MDMK,PWF+,45567,1,Kandaswamy,,
Jayankondam,N,Ariyalur,11,Krishna Moorthy.S,BJP,BJP+,35768,2,Krishna Moorthy.S,,
Jayankondam,N,Ariyalur,11,Guru.J,PMK,PMK+,31124,3,Guru.J,,
Jayankondam,N,Ariyalur,11,Kumutha Vanan,NTK,NTK+,24246,4,Kumutha Vanan,,
Jayankondam,N,Ariyalur,11,Rajendran.G,INC,DMK+,19034,5,Rajendran.G,,
Orathanadu,N,Thanjavur,11,Kantha Swamy,NTK,NTK+,65071,1,Kantha Swamy,,
Orathanadu,N,Thanjavur,11,Kesavan,IMKMK,BJP+,63076,2,Kesavan,,
Orathanadu,N,Thanjavur,11,Ramanathan,DMDK,PWF+,47510,3,Ramanathan,,
Orathanadu,N,Thanjavur,11,Saravana Ayyappan.M,PMK,PMK+,21413,4,Saravana Ayyappan.M,,
Orathanadu,N,Thanjavur,11,Rama Chandran.N,DMK,DMK+,15779,5,Rama Chandran.N,,
Gandharvakottai,S,Pudukkottai,11,Anbarasan,DMK,DMK+,58556,1,Anbarasan,gandharvakottai/dmk_anbarasan.jpg,
Gandharvakottai,S,Pudukkottai,11,Puratchi Kavi Dhasan,BJP,BJP+,42463,2,Puratchi Kavi Dhasan,gandharvakottai/bjp_kavidhasan.jpg,
Gandharvakottai,S,Pudukkottai,11,M.Chinna Durai,CPM,PWF+,36482,3,M.Chinna Durai,gandharvakottai/cpm_chinnadurai.jpg,
Gandharvakottai,S,Pudukkottai,11,Palani Manikkam.M,PMK,PMK+,32869,4,Palani Manikkam.M,gandharvakottai/pmk_palanimanikkam.jpg,
Gandharvakottai,S,Pudukkottai,11,Mohan Raj.C,NTK,NTK+,1890,5,Mohan Raj.C,gandharvakottai/naam_mookanraj.jpg,
Thanjavur,N,Thanjavur,11,Jaya Prakash,DMDK,PWF+,60836,1,Jaya Prakash,,gandharvakottai/cpm_chinnadurai.jpg
Thanjavur,N,Thanjavur,11,Kunjitha Patham.G,PMK,PMK+,16632,2,Kunjitha Patham.G,,
Thanjavur,N,Thanjavur,11,Nalla Durai,NTK,NTK+,633,3,Nalla Durai,,
Tirupathur,N,Sivaganga,12,Antony Lawrance,IJK,BJP+,68956,1,Antony Lawrance,,
Tirupathur,N,Sivaganga,12,Sathaiah.N,CPM,PWF+,61697,2,Sathaiah.N,,
Tirupathur,N,Sivaganga,12,Periya Karuppan,DMK,DMK+,37116,3,Periya Karuppan,,
Tirupathur,N,Sivaganga,12,Ashokan.K.R,ADMK,ADMK+,26620,4,Ashokan.K.R,,
Tirupathur,N,Sivaganga,12,Aasai Selvam.K,NTK,NTK+,1970,5,Aasai Selvam.K,,
Sivaganga,N,Sivaganga,12,Sathya Nathan,DMK,DMK+,67518,1,Sathya Nathan,,
Sivaganga,N,Sivaganga,12,Kulanthai Swamy,IJK,BJP+,66541,2,Kulanthai Swamy,,
Sivaganga,N,Sivaganga,12,Baskaran.S,ADMK,ADMK+,60151,3,Baskaran.S,,
Sivaganga,N,Sivaganga,12,Kottai Kumar,NTK,NTK+,49826,4,Kottai Kumar,,
Sivaganga,N,Sivaganga,12,Gunasekaran.S,CPM,PWF+,33967,5,Gunasekaran.S,,
Sivaganga,N,Sivaganga,12,Raja Sekaran.,PMK,PMK+,916,6,Raja Sekaran.,,
Manamadurai,S,Sivaganga,12,Sathya,NTK,NTK+,42631,1,Sathya,,
Manamadurai,S,Sivaganga,12,Mariappan Kennedy.S,ADMK,ADMK+,41570,2,Mariappan Kennedy.S,,
Manamadurai,S,Sivaganga,12,Thiru Mozhi,VC,PWF+,37179,3,Thiru Mozhi,,
Manamadurai,S,Sivaganga,12,Rajendran.M.,BJP,BJP+,33567,4,Rajendran.M.,,
Manamadurai,S,Sivaganga,12,Malai Swamy.R,PMK,PMK+,15036,5,Malai Swamy.R,,
Manamadurai,S,Sivaganga,12,Chitra Selvi,DMK,DMK+,5580,6,Chitra Selvi,,
Paramakudi,S,Ramanathapuram,12,Thisai Veeran,DMK,DMK+,26928,1,Thisai Veeran,,
Paramakudi,S,Ramanathapuram,12,Dr. Muthaiah.S,ADMK,ADMK+,22531,2,Dr. Muthaiah.S,,
Paramakudi,S,Ramanathapuram,12,Hema Latha Pandiyan,NTK,NTK+,18315,3,Hema Latha Pandiyan,,
Paramakudi,S,Ramanathapuram,12,Irulan,VC,PWF+,14915,4,Irulan,,
Tiruvadanai,N,Ramanathapuram,12,Karunas.S,MPP,ADMK+,44907,1,Karunas.S,,
Tiruvadanai,N,Ramanathapuram,12,Pandi.V,PMK,PMK+,28254,2,Pandi.V,,
Tiruvadanai,N,Ramanathapuram,12,Mani Maran,DMDK,PWF+,27450,3,Mani Maran,,
Tiruvadanai,N,Ramanathapuram,12,Arivu Selvan,NTK,NTK+,13182,4,Arivu Selvan,,
Tiruvadanai,N,Ramanathapuram,12,Devanathan,IMKMK,BJP+,12460,5,Devanathan,,
Mudhukulathur,N,Ramanathapuram,12,Keerthika Muniya Swamy,ADMK,ADMK+,45864,1,Keerthika Muniya Swamy,,
Mudhukulathur,N,Ramanathapuram,12,Arasa Kumar.P.T,BJP,BJP+,30891,2,Arasa Kumar.P.T,,
Mudhukulathur,N,Ramanathapuram,12,Kadafi,NTK,NTK+,26325,3,Kadafi,,
Mudhukulathur,N,Ramanathapuram,12,Malaysia Pandiyan,INC,DMK+,14046,4,Malaysia Pandiyan,,
Mudhukulathur,N,Ramanathapuram,12,Irulandi.R,PMK,PMK+,8261,5,Irulandi.R,,
Mudhukulathur,N,Ramanathapuram,12,Raj Kumar,MDMK,PWF+,2292,6,Raj Kumar,,
Kanniyakumari,N,Kanniyakumari,12,Thalavai Sundaram.N,ADMK,ADMK+,65826,1,Thalavai Sundaram.N,,
Kanniyakumari,N,Kanniyakumari,12,Bala Subramanian.V @ Karkadu Lemuriyan,NTK,NTK+,56245,2,Bala Subramanian.V @ Karkadu Lemuriyan,,
Kanniyakumari,N,Kanniyakumari,12,Hilman Purush Edwin.S,PMK,PMK+,47053,3,Hilman Purush Edwin.S,,
Kanniyakumari,N,Kanniyakumari,12,Meena Devi.M.,BJP,BJP+,40351,4,Meena Devi.M.,,
Kanniyakumari,N,Kanniyakumari,12,Austin,DMK,DMK+,20807,5,Austin,,
Nagercoil,N,Kanniyakumari,12,Suresh Rajan,DMK,DMK+,44914,1,Suresh Rajan,,
Nagercoil,N,Kanniyakumari,12,Dhanam,NTK,NTK+,30554,2,Dhanam,,
Nagercoil,N,Kanniyakumari,12,George.M,PMK,PMK+,24159,3,George.M,,
Nagercoil,N,Kanniyakumari,12,Rani Celine,MDMK,PWF+,14554,4,Rani Celine,,
Nagercoil,N,Kanniyakumari,12,Nanjil Murugeshan,ADMK,ADMK+,2047,5,Nanjil Murugeshan,,
Kollachal,N,Kanniyakumari,12,Prabhakaran,NTK,NTK+,61131,1,Prabhakaran,,
Kollachal,N,Kanniyakumari,12,Raj Kumar Ramesh,BJP,BJP+,40138,2,Raj Kumar Ramesh,,
Kollachal,N,Kanniyakumari,12,Prnce,INC,DMK+,34340,3,Prnce,,
Kollachal,N,Kanniyakumari,12,Sampath Chandra,MDMK,PWF+,32961,4,Sampath Chandra,,
Kollachal,N,Kanniyakumari,12,Patchai Ammal.K.T,ADMK,ADMK+,32833,5,Patchai Ammal.K.T,,
Kollachal,N,Kanniyakumari,12,Alexander Rajkumar,PMK,PMK+,26286,6,Alexander Rajkumar,,
Padmanabhapuram,N,Kanniyakumari,12,Dr.Saju.V,PMK,PMK+,52430,1,Dr.Saju.V,,
Padmanabhapuram,N,Kanniyakumari,12,Rajendra Prasath.K.P,ADMK,ADMK+,47659,2,Rajendra Prasath.K.P,,
Padmanabhapuram,N,Kanniyakumari,12,Arul Chelastin,NTK,NTK+,29915,3,Arul Chelastin,,
Padmanabhapuram,N,Kanniyakumari,12,Shreeba Prasad.S,BJP,BJP+,2534,4,Shreeba Prasad.S,,
Vilavancode,N,Kanniyakumari,12,Vijaya Dharani,INC,DMK+,65087,1,Vijaya Dharani,,
Vilavancode,N,Kanniyakumari,12,Dharmaraj.C,BJP,BJP+,63151,2,Dharmaraj.C,,
Vilavancode,N,Kanniyakumari,12,Hariharan.R,PMK,PMK+,44506,3,Hariharan.R,,
Vilavancode,N,Kanniyakumari,12,G Nanjil Dominic,ADMK,ADMK+,37315,4,G Nanjil Dominic,,
Vilavancode,N,Kanniyakumari,12,Chella Swamy.R,CPI,PWF+,28039,5,Chella Swamy.R,,
Killiyoor,N,Kanniyakumari,12,Kumara Das,TMC,PWF+,62980,1,Kumara Das,,
Killiyoor,N,Kanniyakumari,12,Rathinamma Susai Adimai,NTK,NTK+,61476,2,Rathinamma Susai Adimai,,
Killiyoor,N,Kanniyakumari,12,Rajesh,INC,DMK+,54724,3,Rajesh,,
Killiyoor,N,Kanniyakumari,12,Merry Kamal Bhai.A,ADMK,ADMK+,46221,4,Merry Kamal Bhai.A,,
Killiyoor,N,Kanniyakumari,12,Alexander.C,PMK,PMK+,18687,5,Alexander.C,,
Karaikudi,N,Sivaganga,12,Rama Swamy.K.R,INC,DMK+,66221,1,Rama Swamy.K.R,,
Karaikudi,N,Sivaganga,12,Sevanthiyappan,MDMK,PWF+,55448,2,Sevanthiyappan,,
Karaikudi,N,Sivaganga,12,Durai Pandi.P.R,PMK,PMK+,48546,3,Durai Pandi.P.R,,
Karaikudi,N,Sivaganga,12,Parimalam,NTK,NTK+,28423,4,Parimalam,,
Karaikudi,N,Sivaganga,12,Muthu Lakshmi,BJP,BJP+,21478,5,Muthu Lakshmi,,
Ramanathapuram,N,Ramanathapuram,12,Durai Kannan,BJP,BJP+,67120,1,Durai Kannan,,
Ramanathapuram,N,Ramanathapuram,12,Kalanjiyam Siva Kumar,NTK,NTK+,23497,2,Kalanjiyam Siva Kumar,,
Ramanathapuram,N,Ramanathapuram,12,Javahirulla,MMK,DMK+,17932,3,Javahirulla,,
Ramanathapuram,N,Ramanathapuram,12,Abdhul Ladeep.A,PMK,PMK+,4373,4,Abdhul Ladeep.A,,
Perambalur,S,Perambalur,13,Ilambai.R.Tamil Selvan,ADMK,ADMK+,51212,1,Ilambai.R.Tamil Selvan,,
Perambalur,S,Perambalur,13,Sathya Seelan.M,PMK,PMK+,41635,2,Sathya Seelan.M,,
Perambalur,S,Perambalur,13,Arun Kumar.,NTK,NTK+,40095,3,Arun Kumar.,,
Perambalur,S,Perambalur,13,Kaliya Perumal,BJP,BJP+,31733,4,Kaliya Perumal,,
Perambalur,S,Perambalur,13,Rajendran,DMDK,PWF+,20111,5,Rajendran,,
Kunnam,N,Perambalur,13,Arul.P,NTK,NTK+,69032,1,Arul.P,,
Kunnam,N,Perambalur,13,Raghupathi,IJK,BJP+,41483,2,Raghupathi,,
Kunnam,N,Perambalur,13,Rama Chandran.R.T,ADMK,ADMK+,22365,3,Rama Chandran.R.T,,
Kunnam,N,Perambalur,13,Azhur Zanavash,VC,PWF+,18020,4,Azhur Zanavash,,
Vridhachalam,N,Cuddalore,13,Muthu Kumar,DMDK,PWF+,59032,1,Muthu Kumar,,
Vridhachalam,N,Cuddalore,13,Kali Selvan.V.T,ADMK,ADMK+,43272,2,Kali Selvan.V.T,,
Vridhachalam,N,Cuddalore,13,Siva Rajan.A,NTK,NTK+,27806,3,Siva Rajan.A,,
Vridhachalam,N,Cuddalore,13,Chella Durai,IJK,BJP+,13166,4,Chella Durai,,
Vridhachalam,N,Cuddalore,13,Dr.Tamilarasi,PMK,PMK+,1589,5,Dr.Tamilarasi,,
Neyveli,N,Cuddalore,13,Rajendran,DMK,DMK+,67971,1,Rajendran,,
Neyveli,N,Cuddalore,13,Kalai Selvan,NTK,NTK+,33663,2,Kalai Selvan,,
Neyveli,N,Cuddalore,13,Chandran,IJK,BJP+,31878,3,Chandran,,
Neyveli,N,Cuddalore,13,Raja Sekar.R,ADMK,ADMK+,4840,4,Raja Sekar.R,,
Panruti,N,Cuddalore,13,Kumar,ViSK,DMK+,62152,1,Kumar,,
Panruti,N,Cuddalore,13,Syed Batcha,NTK,NTK+,37660,2,Syed Batcha,,
Panruti,N,Cuddalore,13,Sivakkolundhu,DMDK,PWF+,37361,3,Sivakkolundhu,,
Panruti,N,Cuddalore,13,Sathya Paneer Selvam,ADMK,ADMK+,21392,4,Sathya Paneer Selvam,,
Panruti,N,Cuddalore,13,Saravanan,IMKMK,BJP+,9319,5,Saravanan,,
Cuddalore,N,Cuddalore,13,Chandra  Sekar,TMC,PWF+,62442,1,Chandra  Sekar,,
Cuddalore,N,Cuddalore,13,Puhalendhi,DMK,DMK+,58043,2,Puhalendhi,,
Cuddalore,N,Cuddalore,13,Thamarai Kannan.PL.,PMK,PMK+,43994,3,Thamarai Kannan.PL.,,
Cuddalore,N,Cuddalore,13,Sambath.M.C,ADMK,ADMK+,43696,4,Sambath.M.C,,
Cuddalore,N,Cuddalore,13,Senthamilan Seeman,NTK,NTK+,16055,5,Senthamilan Seeman,,
Cuddalore,N,Cuddalore,13,Selvam.P,BJP,BJP+,11028,6,Selvam.P,,
Kurinjipadi,N,Cuddalore,13,Kadal Dheeban,NTK,NTK+,48843,1,Kadal Dheeban,,
Kurinjipadi,N,Cuddalore,13,Muthu Krishnan.Sun.,PMK,PMK+,38166,2,Muthu Krishnan.Sun.,,
Kurinjipadi,N,Cuddalore,13,Chorathur R.Rajendran,ADMK,ADMK+,16322,3,Chorathur R.Rajendran,,
Kurinjipadi,N,Cuddalore,13,Paneer Selvam.M.R.K,DMK,DMK+,2543,4,Paneer Selvam.M.R.K,,
Bhuvanagiri,N,Cuddalore,13,Selvi Rama Jayam,ADMK,ADMK+,68183,1,Selvi Rama Jayam,,
Bhuvanagiri,N,Cuddalore,13,Ashok Kumar.T,PMK,PMK+,65543,2,Ashok Kumar.T,,
Bhuvanagiri,N,Cuddalore,13,Saravanan,DMK,DMK+,60813,3,Saravanan,,
Bhuvanagiri,N,Cuddalore,13,Chinthanai Selvan,VC,PWF+,57227,4,Chinthanai Selvan,,
Bhuvanagiri,N,Cuddalore,13,Rathna Vel,NTK,NTK+,49398,5,Rathna Vel,,
Bhuvanagiri,N,Cuddalore,13,Muthu,IMKMK,BJP+,17561,6,Muthu,,
Chidambaram,N,Cuddalore,13,Arul.Era,PMK,PMK+,66848,1,Arul.Era,,
Chidambaram,N,Cuddalore,13,Pandiyan.K.A,ADMK,ADMK+,57296,2,Pandiyan.K.A,,
Chidambaram,N,Cuddalore,13,Senthil Kumar,DMK,DMK+,56880,3,Senthil Kumar,,
Chidambaram,N,Cuddalore,13,Bala Krishnan,CPI,PWF+,54114,4,Bala Krishnan,,
Chidambaram,N,Cuddalore,13,Mani Maran.G,BJP,BJP+,46693,5,Mani Maran.G,,
Chidambaram,N,Cuddalore,13,Satheesh Kumar,NTK,NTK+,9612,6,Satheesh Kumar,,
Sirkazhi,S,Nagapattinam,13,Killai Raveendhran,DMK,DMK+,47718,1,Killai Raveendhran,,
Sirkazhi,S,Nagapattinam,13,Umanath,DMDK,PWF+,42060,2,Umanath,,
Sirkazhi,S,Nagapattinam,13,Jothi Bala Murali,NTK,NTK+,10139,3,Jothi Bala Murali,,
Sirkazhi,S,Nagapattinam,13,Bharathi.P.V,ADMK,ADMK+,8725,4,Bharathi.P.V,,
Sirkazhi,S,Nagapattinam,13,Ponn Muthu Kumar,PMK,PMK+,1423,5,Ponn Muthu Kumar,,
Mayuram,N,Nagapattinam,13,Sahul Hameed.C,NTK,NTK+,57335,1,Sahul Hameed.C,,
Mayuram,N,Nagapattinam,13,Arul Selvan,DMDK,PWF+,52756,2,Arul Selvan,,
Mayuram,N,Nagapattinam,13,Muthu Kumar.C,BJP,BJP+,41642,3,Muthu Kumar.C,,
Mayuram,N,Nagapattinam,13,Radha Krishnan.V,ADMK,ADMK+,38906,4,Radha Krishnan.V,,
Mayuram,N,Nagapattinam,13,Ayyappan.S.A,PMK,PMK+,26280,5,Ayyappan.S.A,,
Poompuhar,N,Nagapattinam,13,Kaliya Perumal,NTK,NTK+,64314,1,Kaliya Perumal,,
Poompuhar,N,Nagapattinam,13,Pawn Raj,ADMK,ADMK+,43389,2,Pawn Raj,,
Poompuhar,N,Nagapattinam,13,Shajahan,IUML,DMK+,40930,3,Shajahan,,
Poompuhar,N,Nagapattinam,13,Shankar.M,TMC,PWF+,10831,4,Shankar.M,,
Poompuhar,N,Nagapattinam,13,Selva Muthu Kumaran,IJK,BJP+,2100,5,Selva Muthu Kumaran,,
Nagapattinam,N,Nagapattinam,13,Nethaji,BJP,BJP+,84875,1,Nethaji,,
Nagapattinam,N,Nagapattinam,13,Paul Raj.A,PMK,PMK+,65351,2,Paul Raj.A,,
Nagapattinam,N,Nagapattinam,13,Dhaleem Ansari.A.P.,CPM,PWF+,46221,3,Dhaleem Ansari.A.P.,,
Nagapattinam,N,Nagapattinam,13,Jabrulla,MMK,DMK+,43743,4,Jabrulla,,
Nagapattinam,N,Nagapattinam,13,Thamimun Ansari,MJK,ADMK+,38721,5,Thamimun Ansari,,
Kilvelur,S,Nagapattinam,13,Gunasekaran.,IMKMK,BJP+,59964,1,Gunasekaran.,,
Kilvelur,S,Nagapattinam,13,Palani Velu,NTK,NTK+,45850,2,Palani Velu,,
Kilvelur,S,Nagapattinam,13,Meena.N,ADMK,ADMK+,43956,3,Meena.N,,
Kilvelur,S,Nagapattinam,13,Mathi Vanan,DMK,DMK+,39972,4,Mathi Vanan,,
Kilvelur,S,Nagapattinam,13,Vanitha.A,PMK,PMK+,32198,5,Vanitha.A,,
Vedaranyam,N,Nagapattinam,13,Gridharan,ADMK,ADMK+,58175,1,Gridharan,,
Vedaranyam,N,Nagapattinam,13,Vedha Rathnam,BJP,BJP+,52302,2,Vedha Rathnam,,
Vedaranyam,N,Nagapattinam,13,Vaira Nathan,DMDK,PWF+,50840,3,Vaira Nathan,,
Vedaranyam,N,Nagapattinam,13,Rajendran.,NTK,NTK+,37828,4,Rajendran.,,
Vedaranyam,N,Nagapattinam,13,Rajendran.P.V,INC,DMK+,34994,5,Rajendran.P.V,,
Vedaranyam,N,Nagapattinam,13,Usha Kannan.K,PMK,PMK+,34273,6,Usha Kannan.K,,
Thiruthuraipoondi,S,Thiruvarur,13,Raja Mohan,PMK,PMK+,66875,1,Raja Mohan,,
Thiruthuraipoondi,S,Thiruvarur,13,Saravana Kumar.P.R,NTK,NTK+,58038,2,Saravana Kumar.P.R,,
Thiruthuraipoondi,S,Thiruvarur,13,Uthaya Kumar,BJP,BJP+,46448,3,Uthaya Kumar,,
Thiruthuraipoondi,S,Thiruvarur,13,Maheshwari,DMK,DMK+,43699,4,Maheshwari,,
Thiruthuraipoondi,S,Thiruvarur,13,Uma Maheshwari.K,ADMK,ADMK+,11722,5,Uma Maheshwari.K,,
Mannargudi,N,Thiruvarur,13,Sudha.T,ADMK,ADMK+,67882,1,Sudha.T,,
Mannargudi,N,Thiruvarur,13,Siva Kumar @ Pettai Siva,BJP,BJP+,67068,2,Siva Kumar @ Pettai Siva,,
Mannargudi,N,Thiruvarur,13,Bala Subramanian.S,PMK,PMK+,63106,3,Bala Subramanian.S,,
Mannargudi,N,Thiruvarur,13,Raja.T.R.P,DMK,DMK+,21691,4,Raja.T.R.P,,
Thiruvarur,N,Thiruvarur,13,Sivakumar.R,PMK,PMK+,45311,1,Sivakumar.R,,
Thiruvarur,N,Thiruvarur,13,M.Karuna Nithi,DMK,DMK+,26095,2,M.Karuna Nithi,,
Thiruvarur,N,Thiruvarur,13,Masila Mani.P.S,CPM,PWF+,24408,3,Masila Mani.P.S,,
Thiruvarur,N,Thiruvarur,13,Thendral Chandra Sekar,NTK,NTK+,13431,4,Thendral Chandra Sekar,,
Thiruvarur,N,Thiruvarur,13,Paneer Selvam.A.N.R,ADMK,ADMK+,4515,5,Paneer Selvam.A.N.R,,
Nannilam,N,Thiruvarur,13,Durai Velan,INC,DMK+,51671,1,Durai Velan,,
Nannilam,N,Thiruvarur,13,Kamaraj.R,ADMK,ADMK+,51150,2,Kamaraj.R,,
Nannilam,N,Thiruvarur,13,Sundara Moorthy.G,CPI,PWF+,46780,3,Sundara Moorthy.G,,
Nannilam,N,Thiruvarur,13,Anbhu Selvam,NTK,NTK+,35189,4,Anbhu Selvam,,
Nannilam,N,Thiruvarur,13,Elavarasan.E,PMK,PMK+,31490,5,Elavarasan.E,,
Nannilam,N,Thiruvarur,13,Saravanan,IJK,BJP+,13071,6,Saravanan,,
Tittakudi,S,Cuddalore,13,Oomai Thurai,NTK,NTK+,62161,1,Oomai Thurai,,
Tittakudi,S,Cuddalore,13,Arjunan.E,PMK,PMK+,59396,2,Arjunan.E,,
Tittakudi,S,Cuddalore,13,Kalai Arasan,IJK,BJP+,56668,3,Kalai Arasan,,
Tittakudi,S,Cuddalore,13,Sashi Kumar,DMDK,PWF+,28852,4,Sashi Kumar,,
Tittakudi,S,Cuddalore,13,Saba,DMK,DMK+,14886,5,Saba,,
Kattumannarkoil,S,Cuddalore,13,Dr.Anbu Cholan,PMK,PMK+,64773,1,Dr.Anbu Cholan,,
Kattumannarkoil,S,Cuddalore,13,Thiruma Vazhavan,VC,PWF+,46762,2,Thiruma Vazhavan,,
Kattumannarkoil,S,Cuddalore,13,Dr.Saravanan.SP.,BJP,BJP+,41802,3,Dr.Saravanan.SP.,,
Kattumannarkoil,S,Cuddalore,13,Jaya Shree,NTK,NTK+,27250,4,Jaya Shree,,
Kattumannarkoil,S,Cuddalore,13,Mani Rathnam,INC,DMK+,24237,5,Mani Rathnam,,
