constituency,pc,condition
Adilabad,Adilabad,TRUE
Agra,Agra,TRUE
Ahmedabad East,Ahmedabad East,TRUE
Ahmedabad West,Ahmedabad West,TRUE
Ahmednagar,Ahmadnagar,FALSE
Ajmer,Ajmer,TRUE
Akbarpur,Akbarpur,TRUE
Akola,Akola,TRUE
Alappuzha,Alappuzha,TRUE
Alathur,Alathur,TRUE
Aligarh,Aligarh,TRUE
Alipurduars,Alipurduars,TRUE
Allahabad,Allahabad,TRUE
Almora,Almora,TRUE
Alwar,Alwar,TRUE
Amalapuram,Amalapuram,TRUE
Ambala,Ambala,TRUE
Ambedkar Nagar,Ambedkar Nagar,TRUE
Amethi,Amethi,TRUE
Amravati,Amravati,TRUE
Amreli,Amreli,TRUE
Amritsar,Amritsar,TRUE
Amroha,Amroha,TRUE
Anakapalle,Anakapalli,FALSE
Anand,Anand,TRUE
Anandpur Sahib,Anandpur Sahib,TRUE
Anantapur,Anantapur,TRUE
Anantnag,Anantnag,TRUE
Andaman Nicobar Islands,Andaman & Nicobar Islands,FALSE
Aonla,Aonla,TRUE
Arakkonam,Arakkonam,TRUE
Araku,Aruku,FALSE
Arambag,Arambagh,FALSE
Arani,Arani,TRUE
Araria,Araria,TRUE
Arrah,Arrah,TRUE
Arunachal East,Arunachal East,TRUE
Arunachal West,Arunachal West,TRUE
Asansol,Asansol,TRUE
Aska,Aska,TRUE
Attingal,Attingal,TRUE
Aurangabad,Aurangabad,TRUE
Autonomous District,Autonomous District,TRUE
Azamgarh,Azamgarh,TRUE
Badaun,Badaun,TRUE
Bagalkot,Bagalkot,TRUE
Baghpat,Baghpat,TRUE
Baharampur,Baharampur,TRUE
Bahraich,Bahraich,TRUE
Balaghat,Balaghat,TRUE
Balasore,Balasore,TRUE
Ballia,Ballia,TRUE
Balurghat,Balurghat,TRUE
Banaskantha,Banaskantha,TRUE
Banda,Banda,TRUE
Bangalore Central,Bangalore Central,TRUE
Bangalore North,Bangalore North,TRUE
Bangalore Rural,Bangalore Rural,TRUE
Bangalore South,Bangalore South,TRUE
Bangaon,Bangaon,TRUE
Banka,Banka,TRUE
Bankura,Bankura,TRUE
Bansgaon,Bansgaon,TRUE
Banswara,Banswara,TRUE
Bapatla,Bapatla,TRUE
Barabanki,Barabanki,TRUE
Baramati,Baramati,TRUE
Baramulla,Baramulla,TRUE
Barasat,Barasat,TRUE
Bardhaman Purba,Bardhaman Purba,TRUE
Bardhaman-Durgapur,Burdwan - Durgapur,FALSE
Bardoli,Bardoli,TRUE
Bareilly,Bareilly,TRUE
Bargarh,Bargarh,TRUE
Barmer,Barmer,TRUE
Barpeta,Barpeta,TRUE
Barrackpur,Barrackpore,FALSE
Basirhat,Basirhat,TRUE
Bastar,Bastar,TRUE
Basti,Basti,TRUE
Bathinda,Bathinda,TRUE
Beed,Beed,TRUE
Begusarai,Begusarai,TRUE
Belgaum,Belgaum,TRUE
Bellary,Bellary,TRUE
Berhampur,Berhampur,TRUE
Betul,Betul,TRUE
Bhadohi,Bhadohi,TRUE
Bhadrak,Bhadrak,TRUE
Bhagalpur,Bhagalpur,TRUE
Bhandara-Gondiya,Bhandara - Gondiya,FALSE
Bharatpur,Bharatpur,TRUE
Bharuch,Bharuch,TRUE
Bhavnagar,Bhavnagar,TRUE
Bhilwara,Bhilwara,TRUE
Bhind,Bhind,TRUE
Bhiwandi,Bhiwandi,TRUE
Bhiwani-Mahendragarh,Bhiwani-Mahendragarh,TRUE
Bhongir,Bhongir,TRUE
Bhopal,Bhopal,TRUE
Bhubaneswar,Bhubaneswar,TRUE
Bidar,Bidar,TRUE
Bijapur,Bijapur,TRUE
Bijnor,Bijnor,TRUE
Bikaner,Bikaner,TRUE
Bilaspur,Bilaspur,TRUE
Birbhum,Birbhum,TRUE
Bishnupur,Bishnupur,TRUE
Bolangir,Bolangir,TRUE
Bolpur,Bolpur,TRUE
Bulandshahr,Bulandshahr,TRUE
Buldhana,Buldhana,TRUE
Buxar,Buxar,TRUE
Chalakudy,Chalakudy,TRUE
Chamarajanagar,Chamarajanagar,TRUE
Chandauli,Chandauli,TRUE
Chandigarh,Chandigarh,TRUE
Chandni Chowk,Chandni Chowk,TRUE
Chandrapur,Chandrapur,TRUE
Chatra,Chatra,TRUE
Chennai Central,Chennai Central,TRUE
Chennai North,Chennai North,TRUE
Chennai South,Chennai South,TRUE
Chevella,Chelvella,FALSE
Chhindwara,Chhindwara,TRUE
Chhota Udaipur,Chhota Udaipur,TRUE
Chidambaram,Chidambaram,TRUE
Chikkballapur,Chikkballapur,TRUE
Chikkodi,Chikkodi,TRUE
Chitradurga,Chitradurga,TRUE
Chittoor,Chittoor,TRUE
Chittorgarh,Chittorgarh,TRUE
Churu,Churu,TRUE
Coimbatore,Coimbatore,TRUE
Coochbehar,Cooch Behar,FALSE
Cuddalore,Cuddalore,TRUE
Cuttack,Cuttack,TRUE
Dadra Nagar Haveli,Dadar & Nagar Haveli,FALSE
Dahod,Dahod,TRUE
Dakshina Kannada,Dakshina Kannada,TRUE
Daman Diu,Daman & Diu,FALSE
Damoh,Damoh,TRUE
Darbhanga,Darbhanga,TRUE
Darjeeling,Darjeeling,TRUE
Dausa,Dausa,TRUE
Davanagere,Davanagere,TRUE
Deoria,Deoria,TRUE
Dewas,Dewas,TRUE
Dhanbad,Dhanbad,TRUE
Dhar,Dhar,TRUE
Dharmapuri,Dharmapuri,TRUE
Dharwad,Dharwad,TRUE
Dhaurahra,Dhaurahra,TRUE
Dhenkanal,Dhenkanal,TRUE
Dhubri,Dhubri,TRUE
Dhule,Dhule,TRUE
Diamond Harbour,Diamond Harbour,TRUE
Dibrugarh,Dibrugarh,TRUE
Dindigul,Dindigul,TRUE
Dindori,Dindori,TRUE
Domariyaganj,Domariyaganj,TRUE
Dum Dum,Dum Dum,TRUE
Dumka,Dumka,TRUE
Durg,Durg,TRUE
East Delhi,East Delhi,TRUE
Eluru,Eluru,TRUE
Ernakulam,Ernakulam,TRUE
Erode,Erode,TRUE
Etah,Etah,TRUE
Etawah,Etawah,TRUE
Faizabad,Faizabad,TRUE
Faridabad,Faridabad,TRUE
Faridkot,Faridkot,TRUE
Farrukhabad,Farrukhabad,TRUE
Fatehgarh Sahib,Fatehgarh Sahib,TRUE
Fatehpur,Fatehpur,TRUE
Fatehpur Sikri,Fatehpur Sikri,TRUE
Firozabad,Firozabad,TRUE
Firozpur,Firozpur,TRUE
Gadchiroli-Chimur,Gadchiroli-Chimur,TRUE
Gandhinagar,Gandhinagar,TRUE
Ganganagar,Ganganagar,TRUE
Garhwal,Garhwal,TRUE
Gauhati,Gauhati,TRUE
Gautam Budhha Nagar,Gautam Buddha Nagar,FALSE
Gaya,Gaya (Sc),FALSE
Ghatal,Ghatal,TRUE
Ghaziabad,Ghaziabad,TRUE
Ghazipur,Ghazipur,TRUE
Ghosi,Ghosi,TRUE
Giridih,Giridih,TRUE
Godda,Godda,TRUE
Gonda,Gonda,TRUE
Gopalganj,Gopalganj (Sc),FALSE
Gorakhpur,Gorakhpur,TRUE
Gulbarga,Gulbarga,TRUE
Guna,Guna,TRUE
Guntur,Guntur,TRUE
Gurdaspur,Gurdaspur,TRUE
Gurgaon,Gurgaon,TRUE
Gwalior,Gwalior,TRUE
Hajipur,Hajipur (Sc),FALSE
Hamirpur,Hamirpur,TRUE
Hardoi,Hardoi,TRUE
Hardwar,Hardwar,TRUE
Hassan,Hassan,TRUE
Hathras,Hathras,TRUE
Hatkanangle,Hatkanangle,TRUE
Haveri,Haveri,TRUE
Hazaribagh,Hazaribagh,TRUE
Hindupur,Hindupur,TRUE
Hingoli,Hingoli,TRUE
Hisar,Hisar,TRUE
Hooghly,Hooghly,TRUE
Hoshangabad,Hoshangabad,TRUE
Hoshiarpur,Hoshiarpur,TRUE
Howrah,Howrah,TRUE
Hyderabad,Hyderabad,TRUE
Idukki,Idukki,TRUE
Indore,Indore,TRUE
Inner Manipur,Inner Manipur,TRUE
Jabalpur,Jabalpur,TRUE
Jadavpur,Jadavpur,TRUE
Jagatsinghpur,Jagatsinghpur,TRUE
Jahanabad,Jahanabad,TRUE
Jaipur,Jaipur,TRUE
Jaipur Rural,Jaipur Rural,TRUE
Jajpur,Jajpur,TRUE
Jalandhar,Jalandhar,TRUE
Jalaun,Jalaun,TRUE
Jalgaon,Jalgaon,TRUE
Jalna,Jalna,TRUE
Jalore,Jalore,TRUE
Jalpaiguri,Jalpaiguri,TRUE
Jammu,Jammu,TRUE
Jamnagar,Jamnagar,TRUE
Jamshedpur,Jamshedpur,TRUE
Jamui,Jamui (Sc),FALSE
Jangipur,Jangipur,TRUE
Janjgir-Champa,Janjgir-Champa,TRUE
Jaunpur,Jaunpur,TRUE
Jaynagar,Joynagar,FALSE
Jhalawar-Baran,Jhalawar-Baran,TRUE
Jhanjharpur,Jhanjharpur,TRUE
Jhansi,Jhansi,TRUE
Jhargram,Jhargram,TRUE
Jhunjhunu,Jhunjhunu,TRUE
Jodhpur,Jodhpur,TRUE
Jorhat,Jorhat,TRUE
Junagadh,Junagadh,TRUE
Kachchh,Kachchh,TRUE
Kadapa,Kadapa,TRUE
Kairana,Kairana,TRUE
Kaiserganj,Kaiserganj,TRUE
Kakinada,Kakinada,TRUE
Kalahandi,Kalahandi,TRUE
Kaliabor,Kaliabor,TRUE
Kallakurichi,Kallakurichi,TRUE
Kalyan,Kalyan,TRUE
Kancheepuram,Kancheepuram,TRUE
Kandhamal,Kandhamal,TRUE
Kangra,Kangra,TRUE
Kanker,Kanker,TRUE
Kannauj,Kannauj,TRUE
Kanniyakumari,Kanniyakumari,TRUE
Kannur,Kannur,TRUE
Kanpur,Kanpur,TRUE
Kanthi,Kanthi,TRUE
Karakat,Karakat,TRUE
Karauli-Dholpur,Karauli-Dholpur,TRUE
Karimganj,Karimganj,TRUE
Karimnagar,Karimnagar,TRUE
Karnal,Karnal,TRUE
Karur,Karur,TRUE
Kasaragod,Kasaragod,TRUE
Katihar,Katihar,TRUE
Kaushambi,Kaushambi,TRUE
Kendrapara,Kendrapara,TRUE
Keonjhar,Keonjhar,TRUE
Khadoor Sahib,Khadoor Sahib,TRUE
Khagaria,Khagaria,TRUE
Khajuraho,Khajuraho,TRUE
Khammam,Khammam,TRUE
Khandwa,Khandwa,TRUE
Khargone,Khargone,TRUE
Kheda,Kheda,TRUE
Kheri,Kheri,TRUE
Khunti,Khunti,TRUE
Kishanganj,Kishanganj,TRUE
Kodarma,Kodarma,TRUE
Kokrajhar,Kokrajhar,TRUE
Kolar,Kolar,TRUE
Kolhapur,Kolhapur,TRUE
Kolkata Dakshin,Kolkata Dakshin,TRUE
Kolkata Uttar,Kolkata Uttar,TRUE
Kollam,Kollam,TRUE
Koppal,Koppal,TRUE
Koraput,Koraput,TRUE
Korba,Korba,TRUE
Kota,Kota,TRUE
Kottayam,Kottayam,TRUE
Kozhikode,Kozhikode,TRUE
Krishnagiri,Krishnagiri,TRUE
Krishnanagar,Krishnanagar,TRUE
Kurnool,Kurnool,TRUE
Kurukshetra,Kurukshetra,TRUE
Kushi Nagar,Kushi Nagar,TRUE
Ladakh,Ladakh,TRUE
Lakhimpur,Lakhimpur,TRUE
Lakshadweep,Lakshadweep,TRUE
Lalganj,Lalganj,TRUE
Latur,Latur,TRUE
Lohardaga,Lohardaga,TRUE
Lucknow,Lucknow,TRUE
Ludhiana,Ludhiana,TRUE
Machhlishahr,Machhlishahr,TRUE
Machilipatnam,Machilipatnam,TRUE
Madha,Madha,TRUE
Madhepura,Madhepura,TRUE
Madhubani,Madhubani,TRUE
Madurai,Madurai,TRUE
Mahabubabad,Mahabubabad,TRUE
Maharajganj,Maharajganj,TRUE
Mahasamund,Mahasamund,TRUE
Mahbubnagar,Mahbubnagar,TRUE
Mahesana,Mahesana,TRUE
Mainpuri,Mainpuri,TRUE
Malappuram,Malappuram,TRUE
Maldaha Dakshin,Maldaha Dakshin,TRUE
Maldaha Uttar,Maldaha Uttar,TRUE
Malkajgiri,Malkajgiri,TRUE
Mandi,Mandi,TRUE
Mandla,Mandla,TRUE
Mandsour,Mandsour,TRUE
Mandya,Mandya,TRUE
Mangaldoi,Mangaldoi,TRUE
Mathura,Mathura,TRUE
Mathurapur,Mathurapur,TRUE
Maval,Maval,TRUE
Mavelikkara,Mavelikkara,TRUE
Mayiladuthurai,Mayiladuthurai,TRUE
Mayurbhanj,Mayurbhanj,TRUE
Medak,Medak,TRUE
Medinipur,Medinipur,TRUE
Meerut,Meerut,TRUE
Mirzapur,Mirzapur,TRUE
Misrikh,Misrikh,TRUE
Mizoram,Mizoram,TRUE
Mohanlalganj,Mohanlalganj,TRUE
Moradabad,Moradabad,TRUE
Morena,Morena,TRUE
Mumbai North,Mumbai North,TRUE
Mumbai North Central,Mumbai North Central,TRUE
Mumbai North East,Mumbai North East,TRUE
Mumbai North West,Mumbai North West,TRUE
Mumbai South,Mumbai   South,FALSE
Mumbai South Central,Mumbai South Central,TRUE
Munger,Munger,TRUE
Murshidabad,Murshidabad,TRUE
Muzaffarnagar,Muzaffarnagar,TRUE
Muzaffarpur,Muzaffarpur,TRUE
Mysore,Mysore,TRUE
Nabarangpur,Nabarangpur,TRUE
Nagaland,Nagaland,TRUE
Nagapattinam,Nagapattinam,TRUE
Nagarkurnool,Nagarkurnool,TRUE
Nagaur,Nagaur,TRUE
Nagina,Nagina,TRUE
Nagpur,Nagpur,TRUE
Nainital-Udhamsingh Nagar,Nainital-Udhamsingh Nagar,TRUE
Nalanda,Nalanda,TRUE
Nalgonda,Nalgonda,TRUE
Namakkal,Namakkal,TRUE
Nanded,Nanded,TRUE
Nandurbar,Nandurbar,TRUE
Nandyal,Nandyal,TRUE
Narasaraopet,Narasaraopet,TRUE
Narsapuram,Narsapuram,TRUE
Nashik,Nashik,TRUE
Navsari,Navsari,TRUE
Nawada,Nawada,TRUE
Nellore,Nellore,TRUE
New Delhi,New Delhi,TRUE
Nilgiris,Nilgiris,TRUE
Nizamabad,Nizamabad,TRUE
North East Delhi,North East Delhi,TRUE
North Goa,North Goa,TRUE
North West Delhi,North West Delhi,TRUE
Nowgong,Nowgong,TRUE
Ongole,Ongole,TRUE
Osmanabad,Osmanabad,TRUE
Outer Manipur,Outer Manipur,TRUE
Palakkad,Palakkad,TRUE
Palamau,Palamau,TRUE
Palghar,Palghar,TRUE
Pali,Pali,TRUE
Panchmahal,Panchmahal,TRUE
Parbhani,Parbhani,TRUE
Paschim Champaran,Paschim Champaran,TRUE
Pataliputra,Pataliputra,TRUE
Patan,Patan,TRUE
Pathanamthitta,Pathanamthitta,TRUE
Patiala,Patiala,TRUE
Patna Sahib,Patna Sahib,TRUE
Peddapalle,Peddapalle,TRUE
Perambalur,Perambalur,TRUE
Phulpur,Phulpur,TRUE
Pilibhit,Pilibhit,TRUE
Pollachi,Pollachi,TRUE
Pondicherry,Puducherry,FALSE
Ponnani,Ponnani,TRUE
Porbandar,Porbandar,TRUE
Pratapgarh,Pratapgarh,TRUE
Pune,Pune,TRUE
Puri,Puri,TRUE
Purnia,Purnia,TRUE
Purulia,Purulia,TRUE
Purvi Champaran,Purvi Champaran,TRUE
Rae Bareli,Rae Bareli,TRUE
Raichur,Raichur,TRUE
Raigad,Raigad,TRUE
Raiganj,Raiganj,TRUE
Raigarh,Raigarh,TRUE
Raipur,Raipur,TRUE
Rajahmundry,Rajahmundry,TRUE
Rajampet,Rajampet,TRUE
Rajgarh,Rajgarh,TRUE
Rajkot,Rajkot,TRUE
Rajmahal,Rajmahal,TRUE
Rajnandgaon,Rajnandgaon,TRUE
Rajsamand,Rajsamand,TRUE
Ramanathapuram,Ramanathapuram,TRUE
Rampur,Rampur,TRUE
Ramtek,Ramtek,TRUE
Ranaghat,Ranaghat,TRUE
Ranchi,Ranchi,TRUE
Ratlam,Ratlam,TRUE
Ratnagiri Sindhudurg,Ratnagiri - Sindhudurg,FALSE
Raver,Raver,TRUE
Rewa,Rewa,TRUE
Robertsganj,Robertsganj,TRUE
Rohtak,Rohtak,TRUE
Sabarkantha,Sabarkantha,TRUE
Sagar,Sagar,TRUE
Saharanpur,Saharanpur,TRUE
Salem,Salem,TRUE
Salempur,Salempur,TRUE
Samastipur,Samastipur (Sc),FALSE
Sambalpur,Sambalpur,TRUE
Sambhal,Sambhal,TRUE
Sangli,Sangli,TRUE
Sangrur,Sangrur,TRUE
Sant Kabir Nagar,Sant Kabir Nagar,TRUE
Saran,Saran,TRUE
Sasaram,Sasaram (Sc),FALSE
Satara,Satara,TRUE
Satna,Satna,TRUE
Secunderabad,Secundrabad,FALSE
Shahdol,Shahdol,TRUE
Shahjahanpur,Shahjahanpur,TRUE
Sheohar,Sheohar,TRUE
Shillong,Shillong,TRUE
Shimla,Shimla,TRUE
Shimoga,Shimoga,TRUE
Shirdi,Shirdi,TRUE
Shirur,Shirur,TRUE
Shrawasti,Shrawasti,TRUE
Sidhi,Sidhi,TRUE
Sikar,Sikar,TRUE
Sikkim,Sikkim,TRUE
Silchar,Silchar,TRUE
Singhbhum,Singhbhum,TRUE
Sirsa,Sirsa,TRUE
Sitamarhi,Sitamarhi,TRUE
Sitapur,Sitapur,TRUE
Sivaganga,Sivaganga,TRUE
Siwan,Siwan,TRUE
Solapur,Solapur,TRUE
Sonipat,Sonipat,TRUE
South Delhi,South Delhi,TRUE
South Goa,South Goa,TRUE
Sreerampur,Srerampur,FALSE
Srikakulam,Srikakulam,TRUE
Srinagar,Srinagar,TRUE
Sriperumbudur,Sriperumbudur,TRUE
Sultanpur,Sultanpur,TRUE
Sundargarh,Sundargarh,TRUE
Supaul,Supaul,TRUE
Surat,Surat,TRUE
Surendranagar,Surendranagar,TRUE
Surguja,Sarguja,FALSE
Tamluk,Tamluk,TRUE
Tehri Garhwal,Tehri Garhwal,TRUE
Tenkasi,Tenkasi,TRUE
Tezpur,Tezpur,TRUE
Thane,Thane,TRUE
Thanjavur,Thanjavur,TRUE
Theni,Theni,TRUE
Thiruvananthapuram,Thiruvananthapuram,TRUE
Thoothukkudi,Thoothukkudi,TRUE
Thrissur,Thrissur,TRUE
Tikamgarh,Tikamgarh,TRUE
Tiruchirappalli,Tiruchirappalli,TRUE
Tirunelveli,Tirunelveli,TRUE
Tirupati,Tirupati,TRUE
Tiruppur,Tiruppur,TRUE
Tiruvallur,Thiruvallur,FALSE
Tiruvannamalai,Tiruvannamalai,TRUE
Tonk-Sawai Madhopur,Tonk-Sawai Madhopur,TRUE
Tripura East,Tripura East,TRUE
Tripura West,Tripura West,TRUE
Tumkur,Tumkur,TRUE
Tura,Tura,TRUE
Udaipur,Udaipur,TRUE
Udhampur,Udhampur,TRUE
Udupi Chikmagalur,Udupi Chikmagalur,TRUE
Ujiarpur,Ujiarpur,TRUE
Ujjain,Ujjain,TRUE
Uluberia,Uluberia,TRUE
Unnao,Unnao,TRUE
Uttara Kannada,Uttara Kannada,TRUE
Vadakara,Vadakara,TRUE
Vadodara,Vadodara,TRUE
Vaishali,Vaishali,TRUE
Valmiki Nagar,Valmiki Nagar,TRUE
Valsad,Valsad,TRUE
Varanasi,Varanasi,TRUE
Vellore,Vellore,TRUE
Vidisha,Vidisha,TRUE
Vijayawada,Vijayawada,TRUE
Viluppuram,Viluppuram,TRUE
Virudhunagar,Virudhunagar,TRUE
Visakhapatnam,Visakhapatnam,TRUE
Vizianagaram,Vizianagaram,TRUE
Warangal,Warangal,TRUE
Wardha,Wardha,TRUE
Wayanad,Wayanad,TRUE
West Delhi,West Delhi,TRUE
Yavatmal-Washim,Yavatmal-Washim,TRUE
Zahirabad,Zahirabad,TRUE
